001027,中環 (港澳碼頭)
001044,"林士街, 德輔道中"
001173,"恒生銀行總行大廈, 德輔道中"
001049,"德忌利士街, 德輔道中"
001050,"歷山大廈, 德輔道中"
001052,"遮打花園, 德輔道中"
001025,"皇后像廣場, 遮打道"
003845,"金鐘 - 金鐘廊, 金鐘道"
002427,"軍器廠街, 軒尼詩道"
002431,"柯布連道, 軒尼詩道"
002412,"譚臣道, 菲林明道"
002539,"克街, 灣仔道"
002540,"天樂里, 灣仔道"
002548,"樂活道, 黃泥涌道"
002549,"雅谷大廈, 黃泥涌道"
002550,跑馬地 (下)
002490,"奕蔭街, 成和道"
002491,"昇平樓, 成和道"
002560,箕璉坊
002403,跑馬地 (上)
002402,"箕璉坊, 藍塘道"
002492,"桂芳街, 成和道"
002493,"山村道, 成和道"
002453,景光街
002552,"養和醫院, 黃泥涌道"
002553,"跑馬地馬場, 黃泥涌道"
002467,"立德里, 摩理臣山道"
002566,"利景酒店, 灣仔道"
002537,"普樂里, 灣仔道"
002446,"修頓球場, 軒尼詩道"
002449,"晏頓街, 軒尼詩道"
001140,"金鐘 - 太古廣場, 金鐘道"
001142,"中銀大廈, 金鐘道"
001054,"置地廣場, 德輔道中"
001056,"中環街市, 德輔道中"
001175,"急庇利街, 德輔道中"
001152,堅尼地城
001163,"西市街, 域多利道"
001022,"爹核士街, 吉席街"
001080,"卑路乍灣公園, 堅彌地城海旁"
001081,"西祥街, 堅彌地城海旁"
001079,"歌連臣街, 堅彌地城海旁"
001059,"堅尼地城游泳池休憩處, 德輔道西"
001060,"山道, 德輔道西"
001061,"嘉安街, 德輔道西"
001062,"西區警署, 德輔道西"
001063,"正街, 德輔道西"
001064,"東邊街, 德輔道西"
001065,"修打蘭街, 德輔道西"
001187,"永安中心, 德輔道中"
001136,"金鐘 - 金鐘花園, 金鐘道"
002479,"太古廣場三座, 皇后大道東"
002480,"聯發街, 皇后大道東"
002481,"廈門街, 皇后大道東"
002482,"尚翹峰, 皇后大道東"
002484,"聖若瑟小學, 皇后大道東"
002485,"伊利沙伯體育館, 皇后大道東"
002469,"禮頓道, 摩理臣山道"
002455,"勿地臣街, 禮頓道"
002456,"雲翠大廈, 禮頓道"
002474,邊寧頓街
001213,"維多利亞公園, 高士威道"
001259,"銀幕街, 英皇道"
001260,"七海商業中心, 英皇道"
001261,"電廠街, 英皇道"
001262,"糖水道, 英皇道"
001310,"馬寶道, 書局街"
001249,北角碼頭
001279,"琴行街, 英皇道"
001280,"新都城大廈, 英皇道"
001364,"長康街, 英皇道"
001283,"炮台山站, 英皇道"
001286,"清風街, 英皇道"
001214,"皇仁書院, 高士威道"
001215,"香港中央圖書館, 高士威道"
002457,"加路連山道, 禮頓道"
002547,"體育道, 黃泥涌道"
002458,"紀利華木球會, 禮頓道"
002558,"跑馬地馬場, 摩理臣山道"
002486,"錫克廟, 皇后大道東"
002487,"香港華仁書院, 皇后大道東"
002569,"胡忠大廈, 皇后大道東"
002488,"聯發街, 皇后大道東"
002489,"太古廣場三座, 皇后大道東"
001121,"中環街市, 域多利皇后街"
001125,"威靈頓街, 皇后大道中"
001126,"荷李活華庭, 皇后大道中"
001127,"上環文娛中心, 皇后大道中"
001134,"帝后華庭, 皇后大道西"
001135,"修打蘭街, 皇后大道西"
001129,"東邊街, 皇后大道西"
001130,"正街, 皇后大道西"
001131,"西邊街, 皇后大道西"
001132,"朝光街, 皇后大道西"
001133,"石塘咀市政大廈, 皇后大道西"
001128,"日富里, 皇后大道西"
001002,"西寶城, 卑路乍街"
001003,"山市街, 卑路乍街"
001005,"聯邦新樓, 卑路乍街"
001164,"加惠民道, 域多利道"
002692,"士美菲路, 吉席街"
001192,"均益大廈第二期, 德輔道西"
002734,"西區警署, 德輔道西"
002737,"砵典乍街, 德輔道中"
001051,"皇后像廣場, 德輔道中"
002413,"大有廣場, 菲林明道"
002968,"南洋酒店, 摩理臣山道"
001475,海底隧道巴士轉乘站
001412,"山谷道, 漆咸道北"
001413,"北拱街, 漆咸道北"
001534,"落山道, 馬頭圍道"
001535,"天光道, 馬頭圍道"
001772,"馬頭圍邨洋葵樓, 馬頭涌道"
001529,"亞皆老街遊樂場, 馬頭涌道"
001572,"富豪東方酒店, 太子道東"
002976,"景泰街, 太子道東"
001829,"彩虹邨, 太子道東"
001503,"坪石邨, 太子道東"
001504,"啟業邨, 觀塘道"
001505,"九龍灣站, 觀塘道"
001506,"牛頭角下邨, 觀塘道"
001797,"觀塘道休憩處, 觀塘道"
001508,"牛頭角站, 觀塘道"
002977,觀塘 (裕民坊)
001648,"牛頭角站, 牛頭角道"
001650,"觀塘官立小學, 牛頭角道"
002978,"牛頭角下邨, 牛頭角道"
002979,"淘大花園, 牛頭角道"
002889,"啟業邨, 觀塘道"
001502,"麗晶花園, 太子道東"
001575,"采頤花園, 太子道東"
001576,"譽．港灣, 太子道東"
001577,"富豪東方酒店, 太子道東"
001530,"木廠街, 馬頭涌道"
001538,"土瓜灣街市, 馬頭圍道"
001643,"浙江街遊樂場, 漆咸道北"
001644,"北拱街, 漆咸道北"
001415,"平治街, 漆咸道北"
001476,海底隧道巴士轉乘站
002441,"天樂里, 軒尼詩道"
002444,"軒尼詩道官立小學, 軒尼詩道"
002470,"跑馬地馬場, 摩理臣山道"
001642,"天主教伍華中學, 彩虹道"
003005,"東頭邨泰東樓, 彩虹道"
001689,"黃大仙警署, 彩虹道"
001452,"四美街, 彩虹道"
001448,"彩虹邨金碧樓, 彩虹邨通道"
003365,"香港郵政大樓, 啟福道"
003366,"宏通街, 啟福道"
001649,"MegaBox, 宏照道"
001607,"臨華街, 宏照道"
001669,"牛頭角上邨, 牛頭角道"
001656,"花園大廈喜鵲樓, 牛頭角道"
003368,"玉蓮臺, 牛頭角道"
001773,"臨華街, 宏照道"
001655,"企業廣場, 常悅道"
003047,"九龍灣消防局, 宏光道"
003036,"香港輔助警察隊總部, 啟祥道"
003404,"宏展街, 啟祥道"
002570,"伊利莎伯大廈, 告士打道"
001033,"皇后像廣場, 干諾道中"
001191,"高樂花園, 干諾道西"
001207,筲箕灣
001389,"愛蝶灣, 愛賢街"
002693,"峻峰花園, 東喜道"
001301,"新成街, 筲箕灣道"
001302,"海晏街, 筲箕灣道"
001303,"西灣河文娛中心, 筲箕灣道"
001367,"太富街, 筲箕灣道"
001288,"康怡廣場, 康山道"
001271,"寶峰園, 英皇道"
001365,"新威園, 英皇道"
001274,"民新街, 英皇道"
001276,"健康村, 英皇道"
001277,"健威花園, 英皇道"
001251,興發街
002414,"景隆街, 告士打道"
001769,"拔萃女書院, 加士居道"
001547,"眾坊街, 彌敦道"
001548,"登打士街, 彌敦道"
001552,"山東街, 彌敦道"
001801,"鴉蘭街, 彌敦道"
001426,"楓樹街, 長沙灣道"
001429,"北河街, 長沙灣道"
001430,"怡閣苑, 長沙灣道"
001687,"貿易廣場, 長沙灣道"
001434,"長荔街, 長沙灣道"
001685,美孚
001436,"荔枝角站, 長沙灣道"
001437,"昌華街, 長沙灣道"
001440,"長沙灣站, 長沙灣道"
001441,"東京街, 長沙灣道"
001443,"欽州街, 長沙灣道"
001444,"北河街, 長沙灣道"
001447,"楓樹街, 長沙灣道"
001556,"太子站, 彌敦道"
001557,"聯合廣場, 彌敦道"
001559,"銀行中心, 彌敦道"
001562,"登打士街, 彌敦道"
001564,"文明里, 彌敦道"
001471,"勞資審裁處, 加士居道"
001411,"香港理工大學第八期, 漆咸道北"
001335,"銅鑼灣避風塘, 維園道"
001374,永興街
002561,"維多利亞公園, 告士打道"
001264,"港運城, 英皇道"
001265,"健康村, 英皇道"
002677,"模範邨, 英皇道"
001267,"北角官立小學, 英皇道"
001268,"新威園, 英皇道"
001393,"船塢里, 英皇道"
001270,"太古城中心, 英皇道"
001296,"太安樓, 筲箕灣道"
001297,"海晏街, 筲箕灣道"
001298,"愛秩序灣道, 筲箕灣道"
002694,"愛賢街, 愛秩序灣道"
001258,"北角消防局, 渣華道"
001115,蒲飛路
001111,"蒲飛路, 薄扶林道"
001112,"何東夫人堂, 薄扶林道"
001188,"香港潮商學校, 薄扶林道"
001006,"英皇書院, 般咸道"
001007,"寧養台, 般咸道"
001008,"東邊街, 般咸道"
001009,"高街, 般咸道"
001010,"醫院道, 般咸道"
001015,"樓梯街, 堅道"
001016,"鴨巴甸街, 堅道"
001017,"明愛中心, 堅道"
001158,"香港禮賓府, 上亞厘畢道"
001073,"聖約翰座堂, 花園道"
001137,"金鐘 - 統一中心, 金鐘道"
002434,"史釗域道, 軒尼詩道"
002435,"杜老誌道, 軒尼詩道"
002437,"灣仔消防局, 軒尼詩道"
002555,"銅鑼灣 - 百德新街, 怡和街"
001632,"伊利沙伯醫院, 衛理道"
001578,"嘉輝台, 公主道"
001579,"醫療輔助隊總部, 公主道"
001616,"九龍維景酒店, 窩打老道"
001617,"聖佐治大廈, 窩打老道"
001618,"九龍塘會, 窩打老道"
001619,"基督中心堂, 窩打老道"
001473,禧福道
001583,"天保民學校, 聯福道"
001584,"浸會大學逸夫校園, 聯福道"
001486,"富強苑, 聯合道"
001487,"樂富廣場, 聯合道"
001615,樂富邨
001527,"天宏苑, 馬仔坑道"
001454,"鵬程苑, 竹園道"
001455,竹園邨
001456,"竹園南邨榮園樓, 竹園道"
001528,"馬仔坑遊樂場, 馬仔坑道"
001465,"橫頭磡邨宏業樓, 富美街"
001488,"浸會大學逸夫校園, 聯合道"
001622,"聯合道, 窩打老道"
001623,"九龍塘站, 窩打老道"
001624,"龍濤花園, 窩打老道"
001625,"九龍醫院, 窩打老道"
001626,"萬基大廈, 窩打老道"
001627,"何文田街, 窩打老道"
001633,"何文田山道, 衛理道"
001634,"伊利沙伯醫院, 衛理道"
001537,海底隧道巴士轉乘站
002568,"百德新街, 告士打道"
002415,"伊利莎伯大廈, 告士打道"
002563,"馬師道, 告士打道"
002416,"史釗域道, 告士打道"
002418,"柯布連道, 告士打道"
002420,"分域街, 告士打道"
001090,美利道
001041,"香港公園, 紅棉路"
001078,"堅麗閣, 堅尼地道"
001018,"明愛中心, 堅道"
001019,"孫中山紀念館, 堅道"
001020,"樓梯街, 堅道"
001021,"西摩道, 堅道"
001011,"豫苑, 般咸道"
001013,"東邊街, 般咸道"
001014,"正街, 般咸道"
001012,"香港大學東閘, 般咸道"
001116,"香港大學西閘, 薄扶林道"
001117,"何東夫人堂, 薄扶林道"
002738,"威利麻街, 德輔道西"
002423,"入境事務大樓, 告士打道"
002426,"灣仔游泳池, 港灣道"
001549,"碧街, 彌敦道"
002817,"奶路臣街, 彌敦道"
002818,"港九潮州公學, 洗衣街"
002819,"伊利沙伯中學, 洗衣街"
002820,"太子站, 通菜街"
002821,"大坑東遊樂場, 大坑東道"
002822,"協同中學, 大坑東道"
002823,"石硤尾站, 窩仔街"
002824,"白田邨瑞田樓, 南昌街"
003428,白田 (北)
002826,"白田邨康田樓, 白雲街"
002825,白田邨
002827,"白田邨麗田樓, 偉倫街"
003190,"石硤尾邨美映樓, 南昌街"
002830,"石硤尾站, 窩仔街"
002831,"大坑西新邨民樂樓, 窩仔街"
002832,"協同中學, 大坑東道"
002833,"大坑東遊樂場, 大坑東道"
002834,勵德街
002835,"協和小學, 太子道西"
001775,"旺角中心, 彌敦道"
001560,"山東街, 彌敦道"
002417,"國際調解院, 告士打道"
002419,"六國酒店, 告士打道"
002448,"循道衛理大廈, 軒尼詩道"
001195,中環碼頭 - 長洲及南丫島渡輪
001554,"弼街, 彌敦道"
001382,小西灣 (藍灣半島)
001384,"富怡花園, 富怡道"
001312,"曉翠街, 小西灣道"
001226,"富城閣, 柴灣道"
001227,"樂軒臺, 柴灣道"
001228,"環翠商場, 柴灣道"
001339,"環翠邨澤翠樓, 環翠道"
001340,"興華邨卓華樓, 環翠道"
001341,"興華邨豐興樓, 環翠道"
001229,"天主教海星堂, 柴灣道"
001230,"興民邨, 柴灣道"
001231,"山翠苑, 柴灣道"
001232,"筲箕灣官立中學, 柴灣道"
001233,"阿公岩道, 柴灣道"
001300,"南安里, 筲箕灣道"
001631,"孖庶街, 蕪湖街"
002983,"佛光街, 馬頭圍道"
002984,"北拱街, 馬頭圍道"
002985,"石塘街, 馬頭圍道"
002986,"浙江街, 土瓜灣道"
003326,"上鄉道, 土瓜灣道"
002988,"中華煤氣公司, 馬頭角道"
002989,"欣榮花園, 馬頭角道"
002990,"馬頭角道, 馬頭涌道"
002991,"王仲銘中學, 彩虹道"
002992,大成街
002993,"黃大仙下邨龍慧樓, 東頭村道"
002980,黃大仙
001450,"彩虹道遊樂場, 彩虹道"
001451,"寧遠街, 彩虹道"
002981,"宋皇臺道, 馬頭涌道"
001809,"北帝街, 木廠街"
001810,"香港盲人輔導會, 木廠街"
001811,"翔龍灣, 土瓜灣道"
001812,"貴州街, 土瓜灣道"
001813,"落山道, 土瓜灣道"
001600,"啟明街, 土瓜灣道"
001531,"庇利街, 馬頭圍道"
001532,"鶴園街, 馬頭圍道"
001533,"紅磡街市, 馬頭圍道"
002982,"獲嘉道, 蕪湖街"
001266,"模範邨, 英皇道"
001287,"康怡廣場, 康山道"
001299,"南安里, 筲箕灣道"
001216,"阿公岩道, 柴灣道"
001217,"鯉魚門公園, 柴灣道"
001218,"大潭道, 柴灣道"
001219,"東區醫院, 柴灣道"
001220,"高威閣, 柴灣道"
001221,"康民街, 柴灣道"
001336,"興華邨興翠樓, 環翠道"
001337,"興華邨卓華樓, 環翠道"
001338,"青年廣場, 環翠道"
001222,"怡泰街, 柴灣道"
001224,"漁灣邨, 柴灣道"
001225,"常安街, 柴灣道"
001362,"富欣花園, 小西灣道"
001383,"培僑小學, 富怡道"
001313,"太康樓, 太康街"
002372,華貴邨
002295,"香港製冰冰廠及冷庫, 田灣海旁道"
003287,"興和街, 石排灣道"
002363,香港仔
002159,"業漁大廈, 香港仔大道"
002343,"香港仔工業學校, 黃竹坑道"
002224,"南朗山道熟食市場, 南朗山道"
002222,"陳白沙紀念中學, 南朗山道"
002383,"業興街, 黃竹坑道"
002225,海洋公園
002347,"黃竹坑醫院, 香港仔隧道"
002405,堅拿道西
001573,"譽．港灣, 太子道東"
001574,"采頤花園, 太子道東"
002655,"宏天廣場, 宏光道"
003241,"啟禮道, 宏光道"
001614,"麗晶商場, 宏光道"
001610,"盛緻苑, 宏照道"
003938,Unknown_Stop
001611,"啟業邨, 宏照道"
001612,"九龍灣運動場, 宏照道"
001593,九龍灣 (企業廣場)
001608,"九龍灣運動場, 宏照道"
001645,"麗晶花園第 18 座, 宏照道"
001609,"麗晶花園第 13 座, 宏照道"
001613,"麗晶商場, 宏光道"
001646,"香港輔助警察隊總部, 啟祥道"
002348,"黃竹坑醫院, 香港仔隧道"
002371,"港鐵黃竹坑車廠, 警校道"
002357,"南朗山道, 黃竹坑道"
002358,"勝利工廠大廈, 黃竹坑道"
002160,"逸港居, 香港仔海傍道"
002161,"香港仔海濱公園, 香港仔海傍道"
002162,"香港仔魚類批發市場, 香港仔海傍道"
002298,"明愛張奧偉國際賓館, 田灣街"
002396,"田灣商場, 田灣街"
002294,"耀中幼教學院, 田灣山道"
002296,"興偉中心, 田灣海旁道"
002297,"香港製冰冰廠及冷庫, 田灣海旁道"
001808,海逸豪園
003269,"海韻軒, 紅樂道"
001803,紅磡南道
001804,機利士南路
002356,"業興街, 黃竹坑道"
002163,"田灣街, 香港仔海傍道"
002261,"華富道, 石排灣道"
002328,"薄扶林消防局, 域多利道"
002320,"華翠街, 域多利道"
002329,"域多利道分區電力站, 域多利道"
002696,"貝沙灣南灣, 數碼港道"
002391,"貝沙灣, 數碼港道"
002392,數碼港
002393,"數碼港三座, 數碼港道"
002394,"貝沙灣, 數碼港道"
002697,"貝沙灣南灣, 數碼港道"
002680,"華翠街, 域多利道"
002260,"華富道, 石排灣道"
001805,機利士南路
001806,紅磡南道
001807,"民泰街, 紅磡道"
001047,"德忌利士街, 德輔道中"
002999,"仁風街, 佛光街"
003000,"何文田站, 忠孝街"
003001,"迦密中學, 忠孝街"
003002,"愛民邨, 忠孝街"
002725,"忠民街, 忠孝街"
002726,"欣圖軒, 忠孝街"
003003,"何文田廣場, 常富街"
002994,何文田邨
003055,"何文田廣場, 常富街"
002721,"迦密村街, 忠孝街"
002722,"俊民苑, 忠孝街"
002723,愛民邨
002995,"聖三一堂中學, 忠孝街"
002996,忠孝街
002997,"信用街, 佛光街"
001141,"金鐘 - 高等法院, 金鐘道"
001053,"滙豐總行大廈, 德輔道中"
001184,"中環街市, 德輔道中"
001145,中環碼頭 - 巴士總站
002430,"盧押道, 軒尼詩道"
002574,"銅鑼灣 - 百德新街, 怡和街"
002535,"聖保祿醫院, 銅鑼灣道"
002512,"豪園, 大坑道"
002513,"光明臺, 大坑道"
002514,"上林, 大坑道"
002515,"昍逵閣, 大坑道"
002516,"宏豐台, 大坑道"
002517,"龍風臺, 大坑道"
002511,"柏園, 大坑徑"
002407,"慧景園, 春暉道"
002461,"金雲閣, 睦誠道"
002462,"渣甸山花園, 睦誠道"
002463,"睦誠徑, 睦誠道"
002464,"盛苑, 睦誠道"
002471,"畢拉山徑, 畢拉山道"
002472,"渣甸園, 畢拉山道"
002473,"渣甸臺, 畢拉山道"
002525,"畢拉山道, 大坑道"
002526,"渣甸山花園大廈, 大坑道"
002527,"白建時道, 大坑道"
002528,"瑞士花園, 大坑道"
002529,"龍風臺, 大坑道"
002530,"大寶閣, 大坑道"
002531,"優悠台, 大坑道"
002532,"香港真光中學, 大坑道"
002533,"利群道, 大坑道"
002534,"豪園, 大坑道"
002465,"香港中央圖書館, 摩頓台"
002439,"銅鑼灣 - 希慎廣場, 軒尼詩道"
002440,"堅拿道東, 軒尼詩道"
002442,"北海中心, 軒尼詩道"
001106,畢打街
001076,"歷山大廈, 雪廠街"
001143,"國際金融中心二期, 民耀街"
001356,"筲箕灣廣場, 耀興道"
001357,"東盛苑, 耀興道"
003781,"耀東邨耀明樓, 耀興道"
001358,"耀東商場, 耀興道"
001359,"耀東邨耀華樓, 耀興道"
001360,"東熹苑景熹閣, 耀興道"
001361,"興東邨, 耀興道"
001375,"太寧街, 惠亨街"
002791,"高山臺, 太古城道"
001379,"太古城中心, 太古城道"
001480,"九龍佑寧堂, 佐敦道"
002811,"白加士街, 佐敦道"
001482,"炮台街, 佐敦道"
003548,"高鐵西九龍站上落客區, 匯民道"
001400,"匯翔道, 廣東道"
002838,"柯士甸道, 廣東道"
001402,"北京道, 廣東道"
001587,"尖東站, 梳士巴利道"
001540,尖沙咀 (麼地道)
001417,"加連威老道, 漆咸道南"
001418,"香港科學館, 漆咸道南"
001248,歌頓道
001243,"電氣道街市, 電氣道"
001244,"城市花園, 電氣道"
001254,"北角道, 渣華道"
001256,"琴行街, 渣華道"
001257,"電照街, 渣華道"
001378,"太古城雅蓮閣, 太古灣道"
002792,"太古城太湖閣, 太古城道"
001315,"港島民生書院, 太安街"
001376,"東欣苑, 耀興道"
001350,"東熹苑, 耀興道"
001351,"東熹苑逸熹閣, 耀興道"
001352,"耀東邨耀華樓, 耀興道"
002676,耀東邨
001353,"耀東邨耀興樓, 耀興道"
001354,"耀東邨耀貴樓, 耀興道"
001355,"筲箕灣廣場, 耀興道"
001654,坪石邨
001525,"彩虹邨丹鳳樓, 龍翔道"
001472,"彩虹邨錦雲樓, 龍翔道"
001699,"四美街, 彩虹道"
002445,"菲林明道, 軒尼詩道"
003289,彩福邨
003290,"彩德邨彩賢樓, 彩榮路"
003291,"彩興苑, 彩興路"
003605,彩興路
003606,"彩德商場, 彩榮路"
003607,"彩德邨彩亮樓, 彩榮路"
002801,北角 (百福道)
002554,銅鑼灣 - 怡和街
002404,堅拿道巴士專用線
001555,"太子站, 彌敦道"
002810,"怡靖苑, 長沙灣道"
001602,"長沙灣站, 東京街"
002813,"寶熙苑, 保安道"
002808,"蘇屋邨海棠樓, 長發街"
002836,蘇屋邨
002812,"聖公會基愛小學, 廣利道"
002814,"順寧道, 東京街"
001405,"營盤街, 青山道"
001637,"長沙灣政府合署, 欽州街"
002673,"南洋酒店, 摩理臣山道"
002438,"銅鑼灣 - 崇光百貨, 軒尼詩道"
001177,卑路乍灣
002764,荷蘭街
003015,"聖德肋撒堂, 太子道西"
003016,基堤道
003017,"明愛太子宿舍, 界限街"
003018,"喇沙小學, 界限街"
003019,"聖德肋撒醫院, 界限街"
003020,"衙前圍道, 嘉林邊道"
003021,"東寶庭道, 嘉林邊道"
003022,"九龍寨城公園, 東頭村道"
003023,"美東邨美東樓, 東頭村道"
003024,"摩士公園露天劇場, 東頭村道"
003025,"黃大仙下邨龍滿樓, 東頭村道"
001742,"彩虹邨碧海樓, 彩虹邨通道"
001698,彩虹
001695,"鑽石山站, 龍翔道"
001690,"沙田坳道, 龍翔道"
001524,"摩士公園游泳池, 龍翔道"
003006,"摩士公園, 鳳舞街"
003007,"摩士公園體育館, 鳳舞街"
003008,"東頭邨偉東樓, 東頭村道"
003014,"東頭邨盈東樓, 東頭村道"
003009,"九龍寨城公園, 東頭村道"
003010,"賈炳達道, 聯合道"
003011,"太子道西, 聯合道"
003012,"喇沙利道, 太子道西"
003013,"伯爵街, 太子道西"
002719,"培正中學, 培正道"
001580,"醫療輔助隊總部, 公主道"
001581,"愛民邨, 公主道"
001040,"西港城, 干諾道西"
001066,"皇后街, 德輔道西"
001067,"高陞街, 德輔道西"
001068,"正街, 德輔道西"
001069,"水街, 德輔道西"
001070,"山道, 德輔道西"
001082,"堅尼地城游泳池, 堅彌地城海旁"
001083,"山市街, 堅彌地城海旁"
002590,加多近街
001478,"紅磡邨, 紅磡道"
001479,"鶴園東街, 紅磡道"
001397,"崇潔街, 庇利街"
002987,"落山道, 土瓜灣道"
003026,九龍城碼頭
001477,德民街
001596,黃埔花園
002998,海底隧道巴士轉乘站
002421,"分域街, 告士打道"
001034,"砵典乍街, 干諾道中"
001037,"林士街, 干諾道中"
002799,鰂魚涌
001709,"真鐸學校, 斧山道"
001710,"宏景花園, 蒲崗村道"
003027,"蒲崗村道學校村, 蒲崗村道"
003033,"德愛中學, 慈雲山道"
001711,"慈民邨, 慈雲山道"
001712,"慈安苑, 惠華街"
001701,"慈正邨正暉樓, 慈雲山道"
003028,慈雲山 (中)
001702,"慈正邨正康樓, 慈雲山道"
001703,"德愛中學, 慈雲山道"
003029,"鑽石山火葬場, 蒲崗村道"
001704,"富山邨, 蒲崗村道"
001705,"斧山道運動場, 斧山道"
003030,"馬頭角道, 馬頭涌道"
003338,"民新街, 英皇道"
002776,基利路
001774,"基榮小學, 荔枝角道"
001516,"塘尾道, 荔枝角道"
001630,"大南街, 黃竹街"
001693,"南昌街, 汝州街"
001694,"桂林街, 汝州街"
001638,"基隆街, 欽州街"
001639,"通州街公園, 欽州街"
001636,"南昌邨, 欽州街"
001635,深水埗 (欽州街)
001601,"麗閣邨, 東京街"
001511,"麗閣邨麗蘿樓, 荔枝角道"
001512,"北河街, 荔枝角道"
001513,"石硤尾街, 荔枝角道"
001514,"白楊街, 荔枝角道"
001515,"旺角維景酒店, 荔枝角道"
002475,"利舞臺廣場, 波斯富街"
002582,"康翠臺, 康民街"
001253,"康民工業中心, 康民街"
001387,"興華邨裕興樓, 柴灣道"
002593,"南昌站, 深旺道"
002882,"海達邨, 深旺道"
002594,長沙灣 (深旺道)
003518,"西九龍法院大樓, 東京街西"
002595,"麗閣邨, 東京街"
001344,"翠灣邨, 永泰道"
001309,"香港專業教育學院 (柴灣分校), 順泰道"
001306,杏花邨
001307,"杏花新城 (西翼), 盛泰道"
002624,"杏花新城 (東翼), 盛泰道"
001308,"城巴柴灣車廠, 盛泰道"
001343,"柴灣工業城, 永泰道"
001394,"小西灣運動場, 小西灣道"
001170,"中環碼頭 - 愉景灣渡輪, 民光街"
001171,中環碼頭 - 天星小輪
001032,中環 (交易廣場)
001030,"怡和大廈, 干諾道中"
001157,金鐘 - 添馬街
001122,"滙豐總行大廈, 皇后大道中"
001042,"蘭桂坊, 德己立街"
001084,擺花街
001075,"大館, 荷李活道"
001001,"中央廣場, 亞畢諾道"
001092,"聖士提反女子中學, 柏道"
001091,"豫苑, 柏道"
001146,"英華女學校, 羅便臣道"
003158,"蔚巒閣, 羅便臣道"
002732,"美麗閣, 衛城道"
001154,"寶玉閣, 西摩道"
001156,"羅便臣道, 西摩道"
001149,"高主教書院, 羅便臣道"
001150,"花園台, 羅便臣道"
001072,"香港動植物公園, 花園道"
001181,"域多利皇后街, 干諾道中"
001036,"租庇利街, 干諾道中"
001185,"永和街, 干諾道中"
001085,"女青年會, 麥當勞道"
001086,"纜車徑, 麥當勞道"
001087,"聖保羅男女中學, 麥當勞道"
001088,"龍景樓, 麥當勞道"
001089,"外交部駐港特派員公署, 麥當勞道"
002592,"香港公園, 堅尼地道"
001077,"聖若瑟書院, 堅尼地道"
001024,"遮打大廈, 遮打道"
001147,"蔚巒閣, 羅便臣道"
001148,"西摩道, 羅便臣道"
002751,"聖士提反女子中學, 列堤頓道"
002757,"威都閣, 屋蘭士街"
002748,"嘉賢大廈, 旭龢道"
002747,"克頓道, 旭龢道"
002763,旭龢道
002746,"嘉賢大廈, 旭龢道"
002756,"威都閣, 屋蘭士街"
002752,"聖士提反女子中學, 列堤頓道"
002733,"活倫台, 衛城道"
001031,"大會堂, 干諾道中"
003155,西灣河 (嘉亨灣)
001316,"西灣河站, 太安街"
002770,"明華大廈, 柴灣道"
001317,"山翠苑, 大潭道"
001318,"舊女童軍訓練中心, 大潭道"
001319,"新橋面, 大潭道"
001320,"西灣濾水廠, 大潭道"
002291,"大潭水塘 (北), 大潭道"
002290,"大潭郊野公園, 大潭道"
002292,"龜背灣, 大潭道"
002285,"美國會所, 大潭道"
002284,"聽濤小築, 大潭道"
002280,"旭逸居, 赤柱村道"
002276,"海灣園, 赤柱村道"
002281,"赤柱村, 赤柱村道"
002303,"香港航海學校, 東頭灣道"
002304,"聖士提反書院, 東頭灣道"
002305,"赤柱監獄, 東頭灣道"
002302,"聖士提反書院, 東頭灣道"
002359,"黃麻角道公立醫局, 黃麻角道"
002362,"聖士提反書院附屬小學, 黃麻角道"
002578,"富豪海灣, 黃麻角道"
002400,"赤柱炮台, 黃麻角道"
002937,"斜炮頂, 黃麻角道"
002579,"富豪海灣, 黃麻角道"
002385,"聖士提反書院附屬小學, 黃麻角道"
002360,"鄧肇堅運動場, 黃麻角道"
002275,"赤柱警署, 赤柱村道"
002378,赤柱廣場
002387,"馬坑邨駿馬樓, 環角道"
002175,"馬坑邨觀馬樓, 環角道"
002278,"赤柱崗道, 赤柱村道"
002279,"赤柱灘道, 赤柱村道"
002282,"輝百苑, 大潭道"
002283,"曼克頓花園, 大潭道"
002286,"龜背灣, 大潭道"
002287,"大潭郊野公園, 大潭道"
002288,"大潭水塘 (南), 大潭道"
002293,"大潭水塘 (北), 大潭道"
002289,"石澳道, 大潭道"
001321,"舊女童軍訓練中心, 大潭道"
001322,"山翠苑, 大潭道"
003339,中環 (香港摩天輪)
002761,花園道
002494,"肇輝臺, 司徒拔道"
002495,"司徒拔道休憩處, 司徒拔道"
002496,"東山臺, 司徒拔道"
002497,"港安醫院, 司徒拔道"
002498,"松柏新邨, 司徒拔道"
002499,"白普理小學, 司徒拔道"
002500,"聶歌信山道, 司徒拔道"
002501,"白璧, 司徒拔道"
003360,"傲璇, 司徒拔道"
001097,"灣仔峽道, 山頂道"
001103,"太古大廈, 山頂道"
002740,"僑福閣, 僑福道"
002754,"樂善美道, 文輝道"
002753,"文輝道 6 號, 文輝道"
002755,"文輝道 2 號, 文輝道"
001105,"僑福道, 山頂道"
001104,"忌利文道, 山頂道"
001099,"山頂警署, 山頂道"
001098,"加列山道, 山頂道"
001096,山頂
001102,"加列山道, 山頂道"
001101,"山頂警署, 山頂道"
001093,"忌利文道, 山頂道"
001100,"僑福道, 山頂道"
001094,"馬己仙峽道, 山頂道"
001095,"山頂道 30 號, 山頂道"
002502,"灣仔峽道, 司徒拔道"
002503,"白璧, 司徒拔道"
002504,"聶歌信山道, 司徒拔道"
002505,"松柏新邨, 司徒拔道"
002571,"玫瑰新邨, 司徒拔道"
002506,"寶雲道, 司徒拔道"
002507,"紀園, 司徒拔道"
002508,"東山臺, 司徒拔道"
002509,"司徒拔道花園, 司徒拔道"
002510,"肇輝臺, 司徒拔道"
002424,"灣景中心大廈, 港灣道"
002565,"香港會議展覽中心, 菲林明道"
002557,灣仔 (會展新翼)
002337,華富 (中)
002340,"華富邨華泰樓, 華富道"
002342,"華富邨華安樓, 華富道"
002157,"聖伯多祿堂, 香港仔大道"
002158,"漁暉道, 香港仔大道"
001620,"九龍塘官立小學, 窩打老道"
001621,"映月台, 窩打老道"
001932,獅子山隧道巴士轉乘站
001924,"世界花園, 紅梅谷路"
001925,"新翠邨, 紅梅谷路"
001908,"大圍站, 車公廟路"
001909,"車公廟, 車公廟路"
001910,"秦石邨, 車公廟路"
001928,"乙明邨,  乙明邨街"
001952,"沙角邨, 沙角街"
001962,"田園閣, 沙田圍路"
001961,沙田站
001963,"田園閣, 沙田圍路"
001953,"博康邨, 沙角街"
001954,"救世軍田家炳學校, 沙角街"
001911,"秦石邨, 車公廟路"
001912,"車公廟, 車公廟路"
001926,"新翠邨, 紅梅谷路"
001927,"世界花園, 紅梅谷路"
001933,獅子山隧道巴士轉乘站
002962,"景隆街, 告士打道"
002355,"黃竹坑遊樂場, 黃竹坑道"
002333,"華富邨華樂樓, 華富道"
002334,"華富商場, 華富道"
002335,"華富邨華清樓, 華富道"
002364,海怡半島
002262,"海怡半島美暉閣, 海怡路"
002263,"海怡半島海韻閣, 海怡路"
002170,"鴨脷洲邨利澤樓, 鴨脷洲橋道"
002172,"利枝道, 鴨脷洲橋道"
002173,"鴨脷洲徑, 鴨脷洲橋道"
002210,"利東邨東興樓, 利東邨道"
002211,"利東街市, 利東邨道"
002212,"漁安苑, 利東邨道"
002885,"長沙灣徑, 長沙灣道"
001517,"美孚, 荔枝角道"
002852,"蘭秀道, 美荔道"
002853,"荔灣道, 美荔道"
002847,荔枝角
003270,"荔灣道, 美荔道"
002848,"蘭秀道, 美荔道"
002213,"香港真光書院, 利東邨道"
002167,"鴨脷洲徑, 鴨脷洲橋道"
002168,"利枝道, 鴨脷洲橋道"
002169,"御庭園, 鴨脷洲橋道"
002936,"海怡半島怡韻閣, 海怡路"
002800,北角 (健康中街)
001285,"清風街天橋, 英皇道"
002964,"香港會議展覽中心, 港灣道"
002965,"瑞安中心, 港灣道"
001038,"永安中心, 干諾道中"
001004,"北街, 卑路乍街"
001190,水街
002678,"中山紀念公園, 干諾道西"
003337,"政府總部, 夏慤道"
002422,"香港演藝學院, 告士打道"
001373,"琴行街, 英皇道"
001967,"麗豪酒店, 大涌橋路"
001968,"富豪花園, 大涌橋路"
001940,"置富第一城, 銀城街"
001941,"愉田苑, 銀城街"
002051,"第一城站, 插桅杆街"
002052,愉翠苑
002053,"愉田苑, 銀城街"
001943,沙田第一城
001942,"沙田第一城第11座, 銀城街"
001964,"沙田第一城第 13 座, 大涌橋路"
001965,"富豪花園, 大涌橋路"
001966,"麗豪酒店, 大涌橋路"
003442,"博康邨, 逸泰街"
003447,"水泉澳邨城泉樓, 博泉街"
003391,水泉澳邨
003613,多石街
001294,柴灣站
001292,利眾街
001304,"太祥街, 筲箕灣道"
001272,"鰂魚涌街, 英皇道"
001273,"太古坊, 英皇道"
001275,"模範邨, 英皇道"
001269,"惠安苑, 英皇道"
001380,"南康街, 筲箕灣道"
001278,"港運城, 英皇道"
001333,"皇仁書院, 銅鑼灣道"
001334,"中華游樂會, 銅鑼灣道"
002567,"禮頓中心, 禮頓道"
002957,"箕璉坊, 藍塘道"
002958,"金碧別墅, 藍塘道"
002959,"千葉居, 藍塘道"
002972,"跑馬地 (上), 大坑道"
001138,金鐘 - 港鐵 D 出口
003415,會展站
002541,"大坑道, 黃泥涌峽道"
002542,"香港網球中心, 黃泥涌峽道"
002543,"黃泥涌水塘公園, 黃泥涌峽道"
002544,"大潭水塘道, 黃泥涌峽道"
002545,"香港網球中心, 黃泥涌峽道"
002546,"怡園, 黃泥涌峽道"
002960,"箕璉閣, 藍塘道"
002961,"安慧苑, 藍塘道"
003156,"東旭苑東曉閣, 愛勤道"
001074,"金鐘 - 海富中心, 夏慤道"
002735,"金龍中心, 德輔道中"
001176,"國際金融中心商場, 民祥街"
001107,"中區政府碼頭, 民光街"
001144,"國際金融中心二期, 民耀街"
002967,"金星大廈, 駱克道"
001390,"愛東商場, 愛賢街"
003157,"東旭苑東曉閣, 愛勤道"
003504,"啟德 - 天寰, 沐安街"
003706,"德朗邨停車場, 承啟道"
003369,"德朗邨, 承啟道"
003505,"沐虹街, 承啟道"
003808,"東九龍總區警察總部, 協調道"
003057,"亞皆老街遊樂場, 亞皆老街"
003058,"九龍城警署, 亞皆老街"
003059,"雅麗居, 亞皆老街"
003060,"九龍醫院主座及西翼大樓, 亞皆老街"
003508,"廣華醫院, 窩打老道"
003509,"油麻地消防局, 窩打老道"
003510,"上海街, 窩打老道"
002864,"富榮花園, 海泓道"
002876,"柏景灣, 海泓道"
002878,"帝柏海灣, 櫻桃街"
003511,"奧運站, 深旺道"
003512,"君匯港, 深旺道"
003408,"聚魚道, 深旺道"
002897,"南昌公園, 深旺道"
003794,海達邨
002854,"南昌站, 深旺道"
003393,"港灣豪庭, 深旺道"
001777,"中匯街, 深旺道"
001692,"奧運站, 深旺道"
001595,"富貴街, 大角咀道"
002877,"海富苑, 海泓道"
002860,"富榮花園, 海泓道"
003513,"廣東道, 窩打老道"
003514,"青年會, 窩打老道"
003515,"廣華醫院, 窩打老道"
003516,"勝利道, 窩打老道"
003517,"怡安閣, 窩打老道"
002875,"九龍醫院主座及西翼大樓, 亞皆老街"
003061,"醫院管理局大樓, 亞皆老街"
003062,"香港眼科醫院, 亞皆老街"
003406,"播道醫院, 亞皆老街"
003063,"亞皆老街遊樂場, 亞皆老街"
003709,"稅務中心, 協調道"
003795,"東九龍總區警察總部, 協調道"
003370,啟晴邨
003537,"德朗邨, 承啟道"
003705,"德朗邨停車場, 承啟道"
003507,"啟德 - 天寰, 沐安街"
003519,啟德郵輪碼頭
003790,"承景街, 承豐道"
003520,"天璽．海, 承豐道"
003534,"香港兒童醫院, 承昌道"
003901,啟德橋道
003890,"維港．灣畔, 承豐道"
003877,"維港．雙鑽, 承豐道"
003885,"承豐道公園, 承豐道"
003708,"沐泰街, 承啟道"
003612,"機電工程署總部, 承啟道"
003856,"啟德 - 天璽．天, 協調道"
003934,"啟德簡約公屋, 世運道"
003935,"宋皇臺站, 世運道"
003522,"侯王道, 太子道西"
003690,"勵德街, 太子道西"
003691,"拔萃男書院, 太子道西"
003692,"太子站, 太子道西"
001561,"信和中心, 彌敦道"
001565,"永星里, 彌敦道"
001567,"彌敦酒店, 彌敦道"
001403,"戲曲中心, 廣東道"
001401,"新港中心, 廣東道"
002630,九龍公園徑
003549,高鐵西九龍站
001399,"柯士甸站, 廣東道"
001483,"上海街, 佐敦道"
001546,"南京街, 彌敦道"
001817,"九龍中央郵政局, 彌敦道"
003152,"文明里, 彌敦道"
001551,"長沙街, 彌敦道"
001553,"雅蘭中心, 彌敦道"
003696,"快富街, 彌敦道"
003693,"白楊街, 界限街"
003694,"警察體育遊樂會, 界限街"
003695,"花墟公園, 界限街"
003531,"碧華花園, 界限街"
003532,"侯王道, 太子道西"
003053,"宋皇臺公園, 馬頭涌道"
003932,"宋皇臺站, 世運道"
003933,"啟德簡約公屋, 世運道"
003611,"機電工程署總部, 承啟道"
003884,"承豐道公園, 承豐道"
003891,啟德橋道
003535,"Miami Quay, 承豐道"
003907,"承景街, 承豐道"
001588,尖沙咀 (天星碼頭)
003521,"香港兒童醫院, 承昌道"
003523,"喇沙書院, 喇沙利道"
003525,"牛津道, 蘭開夏道"
003526,多實街
001457,"根德道, 歌和老街"
003065,又一城
001462,"義德道, 歌和老街"
003539,"九龍塘會, 窩打老道"
001657,"MegaBox, 常怡道"
003587,"啟德 - 港鐵 A 出口, 沐安街"
003880,"啟德 - 港鐵 A 出口, 沐安街"
001814,"馬坑涌道, 馬頭圍道"
003580,"美華工業中心, 土瓜灣道"
003782,維港1號
002406,"摩頓台, 高士威道"
001250,寶馬山
001208,"豐林閣, 寶馬山道"
001234,"桂華山中學, 雲景道"
001235,"富麗園, 雲景道"
001236,"萬德閣, 雲景道"
001237,"雲景台, 雲景道"
001348,"北角官立小學雲景道, 怡景道"
001349,怡景道
001290,"勵德邨勵潔樓, 勵德邨道"
001291,"勵德邨邨榮樓, 勵德邨道"
001289,"勵德邨德全樓, 勵德邨道"
001346,怡景道
001347,"北角官立小學雲景道, 怡景道"
001240,"海景台, 雲景道"
001241,"恆景園, 雲景道"
001242,"雲峰大廈, 雲景道"
001211,"賽西湖大廈, 寶馬山道"
001255,"渣華道市政大廈, 渣華道"
001363,天后站
002779,銀幕街
002794,"維景臺, 天后廟道"
002795,"威景臺, 天后廟道"
001328,"衡峰閣, 天后廟道"
001329,"珊瑚閣, 天后廟道"
001330,"雲峰大廈, 天后廟道"
001391,"北角配水庫遊樂場, 天后廟道"
001331,"百福道, 天后廟道"
001212,"賽西湖公園, 寶馬山道"
001238,"北角協同中學, 雲景道"
001247,"金文泰中學, 炮台山道"
001026,中環碼頭 - 長洲及南丫島渡輪
002974,勵德邨
002573,伊榮街
002759,皇后街
002741,"荷李活道公園, 荷李活道"
002742,"樂古道, 荷李活道"
002743,"文武廟, 荷李活道"
002744,"荷李活華庭, 荷李活道"
002745,"卑利街, 荷李活道"
002762,雲咸街
002707,"泄蘭街, 雪廠街"
002739,"新顯利大廈, 雪廠街"
002350,"黃竹坑新圍, 黃竹坑道"
002351,"鄉村俱樂部, 黃竹坑道"
002201,"深水灣, 香島道"
002199,"蒲苑, 香島道"
002200,"香島小築, 香島道"
002247,"麗景道, 淺水灣道"
002252,"淺水灣海灘, 淺水灣道"
002248,"保華大廈, 淺水灣道"
002256,"淺水灣道 127 號, 淺水灣道"
002267,"赫蘭道, 淺水灣道"
002274,"舂磡角道, 赤柱峽道"
002268,"衛奕信徑, 赤柱峽道"
002379,赤柱峽道
002269,"赤柱崗抽水站, 赤柱峽道"
002266,"赤柱峽道交匯處, 赤柱峽道"
002277,赤柱村
002273,"赤柱峽道交匯處, 赤柱峽道"
002270,赤柱峽道
002271,"衛奕信徑, 赤柱峽道"
002272,"赫蘭道, 淺水灣道"
002380,"淺水灣道 102 號, 淺水灣道"
002242,"淺水灣道 90 號, 淺水灣道"
002257,"淺水灣別墅, 淺水灣道"
002241,"淺水灣海灘, 淺水灣道"
002251,"麗景道, 淺水灣道"
002196,"香島小築, 香島道"
002198,"蒲苑, 香島道"
002197,"深水灣, 香島道"
002349,"鄉村俱樂部, 黃竹坑道"
002353,"海洋公園停車場, 香港仔隧道"
001281,"美麗閣, 英皇道"
001282,"新時代廣場, 英皇道"
001245,"聖彼得堂, 炮台山道"
001246,"富嘉閣, 炮台山道"
001368,"張祝珊英文中學, 雲景道"
001239,"雲景道配水庫遊樂場, 雲景道"
001209,"蘇浙公學, 寶馬山道"
001210,"豪景, 寶馬山道"
001324,"百福道, 天后廟道"
001388,"北角配水庫遊樂場, 天后廟道"
001325,"雲峰大廈, 天后廟道"
001326,"珊瑚閣, 天后廟道"
001327,"衡峰閣, 天后廟道"
002436,"馬師道, 軒尼詩道"
001293,"鯉景灣, 鯉景道"
002782,"海灣華庭, 筲箕灣道"
001757,慈雲山 (北)
003032,"慈愛苑愛富閣, 慈雲山道"
003034,"鳳德邨硃鳳樓, 蒲崗村道"
003035,"鳳鑽苑, 蒲崗村道"
001469,"鳳德商場, 鳳德道"
001708,"志蓮淨苑, 鳳德道"
001463,東區海底隧道巴士轉乘站
001055,"利源東街, 德輔道中"
002021,大埔中心
002022,"大埔文娛中心, 安祥路"
002023,寶鄉街
002024,"運頭角里, 廣福道"
002025,"廣福邨, 大埔公路"
001986,大老山隧道巴士轉乘站
001057,"永吉街, 德輔道中"
001196,香港站
001464,東區海底隧道巴士轉乘站
001985,大老山隧道巴士轉乘站
002017,"廣福邨, 大埔公路"
002018,廣福道
002019,"寶鄉橋,  寶鄉街"
002020,安祥路
003322,大埔頭
003245,"大埔游泳池, 汀太路"
002055,富亨邨
003227,"新興花園, 南運路"
001263,"書局街, 英皇道"
003325,"廣福球場, 南運路"
003242,"大埔中心第五期, 南運路"
003243,"安慈路, 汀角路"
003410,"太和邨, 大埔太和路"
003244,"太和廣場, 寶雅路"
003863,"太平工業中心, 汀角路"
003864,"富亨邨亨昌樓, 汀角路"
003865,"聖母聖心小學, 頌雅路"
003866,"富亨邨亨榮樓, 頌雅路"
003862,富蝶邨 (彩蝶街)
003858,"富亨邨亨裕樓, 頌雅路"
003859,頌雅路
003860,"大元邨, 汀角路"
003861,"沐恩中學, 汀角路"
003246,汀太路
003247,"太和站, 寶雅路"
003248,"大埔政府合署, 汀角路"
003249,"平安里, 汀角路"
003250,"海寶花園, 安慈路"
002226,"余振強紀念第二中學, 薄扶林道"
002227,"薄扶林村, 薄扶林道"
002230,"心光學校, 薄扶林道"
002231,"瑪麗醫院, 薄扶林道"
001113,"香港大學百周年校園, 薄扶林道"
003844,金鐘 - 港鐵 C 出口
001119,"李陞小學, 薄扶林道"
001120,"蒲飛路, 薄扶林道"
002236,"瑪麗醫院, 薄扶林道"
002237,"心光學校, 薄扶林道"
002239,"薄扶林水塘道, 薄扶林道"
002240,"薄扶林村, 薄扶林道"
002233,"余振強紀念第二中學, 薄扶林道"
001311,"富景花園, 小西灣道"
001366,小西灣邨
002265,"赤柱正灘, 赤柱灘道"
003286,"金源洋樓, 柴灣道"
001369,"富怡花園, 小西灣道"
001370,"富景花園, 小西灣道"
002338,華富 (北)
002339,"華富邨華生樓, 華富道"
002183,"置富徑, 置富道"
002184,"置富花園 1- 7 座, 置富道"
002185,"置富南區廣場, 置富道"
002187,"置富花園網球場, 置富道"
002232,"香港華人基督教聯會薄扶林道墳場, 薄扶林道"
002234,"香港華人基督教聯會薄扶林道墳場, 薄扶林道"
002188,"富明苑, 置富道"
002189,"富仁苑, 置富道"
002190,"雅緻洋房, 置富道"
002336,"培英中學, 華富道"
002186,置富
002259,"田灣街, 石排灣道"
002344,"甄沾記大廈, 黃竹坑道"
002345,"黃竹坑遊樂場, 黃竹坑道"
001124,"中環中心, 皇后大道中"
001118,"薄扶林道遊樂場, 薄扶林道"
002238,"明德村, 薄扶林道"
002228,"薄扶林水塘道, 薄扶林道"
002229,"嘉林閣, 薄扶林道"
001109,"摩星嶺道, 薄扶林道"
001110,"富林苑, 薄扶林道"
001114,"聖士提反堂中學, 薄扶林道"
001153,第二街
001028,"港澳碼頭, 干諾道中"
001029,"海港政府大樓, 統一碼頭道"
002451,"修頓球場, 莊士敦道"
002538,"巴路士街, 灣仔道"
002341,華富 (南)
002591,柴灣 (東)
001372,"張振興伉儷書院, 東區走廊"
001628,西區海底隧道巴士轉乘站
003850,"錦駿苑, 馬鞍山路"
003584,"耀安邨耀遜樓, 馬鞍山路"
003077,"新港城, 馬鞍山路"
003094,"雅典居, 西沙路"
003344,"烏溪沙村, 西沙路"
003345,烏溪沙站
003582,"雲海, 耀沙路"
003583,"迎海 (第四期), 烏溪沙路"
003455,"樟木頭帝琴灣, 西沙路"
003456,泥涌
003457,"樟木頭帝琴灣, 西沙路"
002803,"環翠邨停車場, 連城道"
002804,"華人永遠墳場, 連城道"
002805,"西灣國殤紀念墳場, 歌連臣角道"
002806,"佛教墳場, 歌連臣角道"
002807,"歌連臣角火葬場, 歌連臣角道"
002787,"大潭道, 石澳道"
001035,"恒生銀行總行大廈, 干諾道中"
002681,"安利別墅, 摩星嶺道"
002683,"翠暉臺, 摩星嶺道"
002685,"湖苑, 摩星嶺道"
002686,"聖嘉勒女書院, 摩星嶺道"
002688,"翠海別墅, 摩星嶺道"
002690,"域多利道, 摩星嶺道"
002691,"域多利道, 摩星嶺道"
002689,"翠海別墅, 摩星嶺道"
002687,"聖嘉勒女書院, 摩星嶺道"
002684,"怡林閣, 摩星嶺道"
002682,"安利別墅, 摩星嶺道"
001108,中環 (林士街)
002299,田灣邨
002223,黃竹坑 (南朗山)
002390,"南朗山道熟食市場, 南朗山道"
002432,"菲林明道, 軒尼詩道"
002389,深灣
002156,"香港仔市政大廈, 香港仔大道"
002346,"葛量洪醫院, 黃竹坑道"
002221,"港大同學會書院, 南風道"
002216,"南島中學, 南風道"
002218,"深水灣道, 南風道"
002524,"瑪利曼小學, 大坑道"
002518,"瑞士花園, 大坑道"
002519,"佛教李嘉誠護理安老院, 大坑道"
002520,"白建時道, 大坑道"
002521,"樂活道, 大坑道"
002522,"畢拉山道, 大坑道"
002523,"雅麗閣, 大坑道"
002219,"深水灣道, 南風道"
002220,"南島中學, 南風道"
002217,"黃竹坑老人服務綜合大樓, 南風道"
002354,"黃竹坑體育館, 黃竹坑道"
001183,西祥街
001165,"西寧閣, 域多利道"
001166,"港島西廢物轉運站, 域多利道"
001167,"明愛賽馬會宿舍, 域多利道"
001168,"摩星嶺徑, 域多利道"
002384,"摩星嶺道, 域多利道"
002307,"趙苑, 域多利道"
002308,"碧海閣, 域多利道"
002309,"西島中學, 域多利道"
002310,"香港華人基督教聯會薄扶林道墳場, 域多利道"
002327,"美景臺, 域多利道"
002311,"碧荔道, 域多利道"
002312,"沙宣道, 域多利道"
002313,"香港大學李嘉誠醫學院, 域多利道"
002314,"下碧瑤灣, 域多利道"
002315,"上碧瑤灣, 域多利道"
002399,"香港醫學專科學院, 海洋公園道"
003451,黃竹坑站
002780,"合明工廠大廈, 安業街"
003760,菁田邨
003752,和田邨
003753,"NOVO LAND, 欣寶路"
003754,"紫田村, 欣寶路"
003207,"欣田邨, 青麟路"
003350,"五柳路, 藍地交匯處"
003656,"虎地, 屯門公路"
003193,"紅橋, 屯門公路"
003358,"屯門公路巴士轉乘站, 屯門公路"
002032,"葵涌交匯處, 葵涌道"
001435,"美孚, 長沙灣道"
001568,"恆豐中心, 彌敦道"
001569,"金巴利道, 彌敦道"
001571,"中間道, 彌敦道"
001398,"中港城, 廣東道"
003299,柯士甸道西
003288,九龍站
003533,"環球貿易廣場, 雅翔道"
002626,"中港城, 九龍公園徑"
002627,"北京道, 九龍公園徑"
001541,"九龍酒店, 彌敦道"
003149,"九龍清真寺, 彌敦道"
003150,"栢麗購物大道, 彌敦道"
003151,"柯士甸道, 彌敦道"
001396,"油尖旺地區康健中心, 亞皆老街"
001423,"銘基書院, 櫻桃街"
002033,"葵涌交匯處, 葵涌道"
003359,"屯門公路巴士轉乘站(上層), 屯門公路"
003153,"新墟街市, 屯門公路"
003192,"紅橋, 屯門公路"
003431,"虎地, 屯門公路"
003351,"五柳路, 藍地交匯處"
003209,"欣田邨, 青麟路"
003767,"NOVO LAND, 欣寶路"
003264,"盈豐園, 鳴琴路"
003770,"田景邨田樂樓, 田景路"
003266,"田景邨田裕樓, 田景路"
003756,"輕鐵石排站, 鳴琴路"
003216,"輕鐵鳴琴站, 鳴琴路"
003217,"屯門消防局, 杯渡路"
003971,"屯門站-C1出口, 杯渡路"
003361,屯門站
003200,"屯門消防局, 杯渡路"
003757,"輕鐵鳴琴站, 鳴琴路"
003758,"輕鐵石排站, 鳴琴路"
003257,"新圍苑, 田景路"
003258,"兆邦苑, 田景路"
003259,"寶田邨, 鳴琴路"
002837,香港體育館
001766,"畢架山花園, 龍翔道"
001767,"豐力樓, 龍翔道"
001734,"天馬苑, 龍翔道"
001523,"黃大仙站, 龍翔道"
001688,"沙田坳道, 龍翔道"
003711,"啟鑽苑啟湖閣, 彩虹道"
001507,"定富街, 觀塘道"
001509,"觀塘市中心, 觀塘道"
003912,開源道
001696,"鑽石山站, 大磡道"
001697,"牛池灣村, 龍翔道"
003046,"臨華街遊樂場, 宏光道"
003592,"順業街, 偉業街"
003593,"勵業街, 偉業街"
003594,"巧明街, 偉業街"
003590,觀塘碼頭
003913,敬業街
003820,"茶果嶺道變電站, 茶果嶺道"
001494,"駿業里, 觀塘道"
001495,"創紀之城, 觀塘道"
001497,"定富街, 觀塘道"
001498,"牛頭角下邨, 觀塘道"
001500,"九龍灣站, 觀塘道"
001501,"啟泰苑, 觀塘道"
003575,"勵業街, 海濱道"
003576,"觀塘海濱花園, 海濱道"
001724,"五旬節聖潔會永光書院, 龍翔道"
001765,"豐力樓, 龍翔道"
001725,"畢架山花園, 龍翔道"
003260,"大興警察行動基地, 震寰路"
003206,"麒麟圍, 青麟路"
003378,"上水站 - D2 出口, 新運路"
003764,"新成路, 龍琛路"
003765,"龍琛路體育館, 龍琛路"
003766,天平邨
003719,"天平邨天怡樓, 龍琛路"
003768,"龍豐花園, 龍琛路"
003849,"上水站 - D1 出口, 新運路"
003769,"掃管埔村, 新運路"
003210,"兆康苑兆賢閣, 青麟路"
003211,"屯門醫院, 青麟路"
003263,"寶怡花園, 震寰路"
003723,"心誠中學, 馬會道"
003774,"璧峰路, 馬會道"
003780,"聯和墟遊樂場, 沙頭角公路"
003846,"逸峯, 沙頭角公路"
003878,"皇后山一號, 龍馬路"
003681,皇后山邨
003682,"山麗苑, 龍馬路"
003660,皇后山邨
003661,"山麗苑, 龍馬路"
003779,"樂和街, 沙頭角公路"
003717,"粉嶺法院大樓, 馬會道"
003718,"北區公園北門, 馬會道"
003886,西沙灣
003832,"田寮, 西沙路"
003833,"官坑, 西沙路"
003834,"西澳, 西沙路"
003425,"沙田圍新村, 沙田圍路"
002046,沙田市中心
002047,"好運中心, 橫壆街"
003388,"崗背街休憩花園, 沙田圍路"
003828,"泥涌, 西沙路"
003829,"輋下, 西沙路"
003830,"馬牯纜, 西沙路"
003831,"西沙GO PARK, 海映路"
003346,"利安邨利榮樓, 西沙路"
003847,"烏溪沙村, 西沙路"
003092,"富寶花園, 西沙路"
001950,馬鞍山市中心
001944,"馬鞍山公園, 鞍駿街"
003838,白石角
003736,"雲滙, 創新路"
003737,"海日灣II, 創新路"
003839,"香港科學園, 科技大道西"
003840,"香港科學園第三期, 科技大道西"
003738,"科研路, 創新路"
003739,"香港科學園第一期, 創新路"
003740,"香港生物科技研究院, 科學園路"
003741,"水上活動中心, 科學園路"
003742,"馬料水公眾碼頭, 科學園路"
003841,大學站
003743,"馬料水公眾碼頭, 科學園路"
003744,"水上活動中心, 科學園路"
003745,"香港生物科技研究院, 科學園路"
003748,"雲滙, 創新路"
003099,"田心村, 車公廟路"
003671,青沙公路巴士轉乘站
003229,"碧海藍天, 興華街西"
001955,"尚翠苑, 沙咀道"
001956,"寶石大廈, 沙咀道"
001957,"戴麟趾夫人診療所, 沙咀道"
002628,大河道
002629,荃灣站
003870,大河道
001958,"戴麟趾夫人診療所, 沙咀道"
001959,"寶石大廈, 沙咀道"
001960,"名逸居, 沙咀道"
002816,"D2 Place ONE, 荔枝角道"
003910,"饒宗頤文化館, 青山道"
003672,青沙公路巴士轉乘站
003355,欣翔道
001586,"柯士甸站, 佐敦道"
003836,"駿業街, 偉業街"
003591,"巧明街, 偉業街"
003689,"順業街, 偉業街"
003888,"德福大廈, 偉業街"
003908,"德福廣場, 偉業街"
003837,"駿業街, 偉業街"
002171,"鴨脷洲邨, 鴨脷洲橋道"
002536,銅鑼灣 (摩頓台)
002166,鴨脷洲邨
002215,洛陽街
002164,"崇文街, 香港仔水塘道"
002165,"漁光村白沙樓, 香港仔水塘道"
002365,"漁光村海鷗樓, 漁光道"
002366,"扶康會康復中心, 漁光道"
002367,"石排灣邨, 漁光道"
002368,"漁暉苑日暉閣, 漁光道"
002938,"漁暉苑景暉閣, 漁光道"
002934,"香港仔中心, 成都道"
001186,摩星嶺
001159,"摩星嶺徑, 域多利道"
001160,"明愛賽馬會宿舍, 域多利道"
001161,"港島西廢物轉運站, 域多利道"
001162,"西寧街, 域多利道"
002408,"聖光堂, 東院道"
002409,"東華東院, 東院道"
002410,"香港大球場, 東院道"
002556,加路連山道
002443,"廣生行大廈, 軒尼詩道"
001180,"郵政總局, 康樂廣場"
001342,銅鑼灣 (威非路道)
002243,"聚豪居, 淺水灣道"
002250,"南山別墅, 淺水灣道"
002244,"曼克頓大廈, 淺水灣道"
002245,"怡峰, 淺水灣道"
002191,"舂磡角道 11 號, 舂磡角道"
002193,"舂坎角消防局, 舂磡角道"
002195,"環角道, 舂磡角道"
002376,"舂磡角道 72 號, 舂磡角道"
002374,"舂坎角海灘, 舂磡角道"
002176,"環角徑, 環角道"
002179,"赤柱觀音寺, 環角道"
002181,"龍欣苑龍騰閣, 環角道"
002386,"馬坑邨駿馬樓, 環角道"
002180,"赤柱觀音寺, 環角道"
002178,"柏濤小築, 環角道"
002177,"環角徑, 環角道"
002375,"舂坎角海灘, 舂磡角道"
002377,"舂磡角道 72 號, 舂磡角道"
002397,"海天徑, 舂磡角道"
002194,"舂坎角消防局, 舂磡角道"
002192,"舂磡角道 11 號, 舂磡角道"
002381,"怡峰, 淺水灣道"
002249,"曼克頓大廈, 淺水灣道"
002246,"明慧園, 淺水灣道"
002370,"南山別墅, 淺水灣道"
002255,"淺水灣道 16 號, 淺水灣道"
002258,"蔚峰園, 淺水灣道"
002596,"長江集團中心, 皇后大道中"
001522,"藍田站, 鯉魚門道"
001521,"觀塘法院, 鯉魚門道"
003041,"和樂邨, 協和街"
003042,"秀雅道遊樂場, 曉光街"
003043,"曉麗苑, 曉光街"
003044,"曉光街遊樂場, 曉光街"
003045,"梁式芝書院, 曉光街"
001719,"秀茂坪邨秀明樓, 秀明道"
001720,"秀茂坪邨秀富樓, 秀明道"
002702,"秀茂坪商場, 秀明道"
001721,"秀茂坪邨秀樂樓, 秀明道"
003071,"秀茂坪邨秀康樓, 秀茂坪道"
003072,"秀茂坪邨秀程樓, 秀茂坪道"
003068,寶達邨-巴士總站
003069,"秀茂坪邨秀程樓, 秀茂坪道"
003070,"秀茂坪邨秀康樓, 秀茂坪道"
001781,"秀茂坪邨秀樂樓, 秀明道"
001746,"秀茂坪商場, 秀明道"
001747,"秀茂坪邨秀安樓, 秀明道"
001782,"秀茂坪邨秀明樓, 秀明道"
003037,"梁式芝書院, 曉光街"
003038,"曉麗苑, 曉光街"
003039,"祥和苑, 協和街"
003040,"和樂邨, 協和街"
001474,"裕民坊, 協和街"
001510,觀塘站
001518,"觀塘游泳池, 鯉魚門道"
001519,藍田站
002459,盧押道
001046,"中環街市, 德輔道中"
001386,"小西灣邨, 小西灣道"
001323,電照街
003966,"裕民坊, 協和街"
001800,"彩雲聖若瑟小學, 清水灣道"
001652,"彩雲邨白虹樓, 新清水灣道"
001651,彩雲 (豐盛街)
001776,"彩雲邨, 清水灣道"
001768,"坪石邨翠石樓, 彩虹交匯處"
003292,"彩盈邨盈安樓, 彩霞道"
003293,"彩盈邨盈順樓, 彩霞道"
003354,"彩頤居, 彩霞道"
002584,牛頭角
001686,啟業邨
003536,馬頭圍邨
003911,"中電總部, 承啟道"
003538,"銀漢街, 土瓜灣道"
001536,"馬頭圍邨洋葵樓, 馬頭圍道"
003835,啟德-AIRSIDE
003305,"香港東樹木組, 東喜道"
001377,"香港抗戰及海防博物館, 東喜道"
003967,"裕民坊, 物華街"
001658,"牛頭角下邨, 牛頭角道"
001659,"振華苑, 振華道"
001660,"樂雅苑, 振華道"
001661,"樂華南邨, 振華道"
001799,"康寧道公園, 康寧道"
001662,"寧波第二中學, 順安道"
001663,順天邨
001722,"順安邨, 利安道"
001664,順利邨
001786,"順利邨利明樓, 順清街"
001744,"順安邨安逸樓, 利安道"
001745,"順天邨天韻樓, 順安道"
001665,"寧波第二中學, 秀茂坪道"
001756,"康寧道公園, 康寧道"
001666,"樂華南邨, 振華道"
001667,"樂雅苑, 振華道"
001668,"安基苑, 振華道"
003458,"創紀之城, 觀塘道"
002564,"杜老誌道, 告士打道"
001670,"觀塘警署, 將軍澳道"
003074,"秀茂坪邨秀暉樓, 秀茂坪道"
001948,"置富第一城, 寶城街"
001520,"藍田站, 鯉魚門道"
001739,"創紀之城, 觀塘道"
001408,麗港城
001407,"麗港中心, 茶果嶺道"
001178,"香港站, 民祥街"
001784,"麗港公園, 偉發道"
001606,"偉樂街, 偉業街"
001409,"麗港中心, 茶果嶺道"
001410,"麗港城商場, 茶果嶺道"
001139,金鐘 - 港鐵 B 出口
002654,水上樂園
002736,"德忌利士街, 德輔道中"
002559,"灣仔碼頭, 鴻興道"
002202,鴨脷洲 (利樂街)
002203,"利景街, 利南道"
002205,"凱玥, 利南道"
002204,"蜆殼新鴨脷洲油庫, 利南道"
003233,"牛頭角站, 觀塘道"
001496,"定富街, 觀塘道"
001453,"大有街, 彩虹道"
001526,鑽石山站
001470,"龍蟠苑, 鳳德道"
002206,"鴨脷洲橋道遊樂場, 利南道"
002207,"凱玥, 利南道"
002208,"新海怡廣場, 利南道"
001951,上水
003379,"欣翠花園, 百和路"
003380,"嘉盛苑, 百和路"
003381,"基新中學, 百和路"
003382,"粉嶺站 - B 出口, 百和路"
003383,"景盛苑, 百和路"
003384,"華心邨, 百和路"
003385,華明邨
003373,"欣盛苑, 百和路"
003386,"牽晴間, 一鳴路"
003273,"東華東院, 東院道"
003372,"花都廣場, 百和路"
003374,"蓬瀛仙館, 百和路"
003375,"基新中學, 百和路"
003376,"嘉盛苑, 百和路"
003377,"華慧園, 百和路"
003663,"新圍軍營, 沙頭角公路"
003664,"軍地, 沙頭角公路"
003665,"流水響, 沙頭角公路"
003666,"高埔, 沙頭角公路"
003667,"孔嶺, 沙頭角公路"
003668,"馬尾下, 沙頭角公路"
003669,"大塘湖, 沙頭角公路"
003670,"磚窰, 沙頭角公路"
002572,"史釗域道, 軒尼詩道"
003084,"源康街, 小瀝源路"
003085,"沙田第一城第 27 座, 小瀝源路"
003086,"濱景花園, 大涌橋路"
002064,"沙田醫院, 亞公角街"
002065,"亞公角, 亞公角街"
002066,"富安花園, 亞公角街"
001916,"耀安邨, 恆康街"
001917,"馬鞍山運動場, 恆康街"
001949,"福安花園, 西沙路"
003087,"海柏花園, 西沙路"
003088,"馬鞍山警署, 馬鞍山路"
003089,"錦英苑, 錦英路"
003075,利安邨
003076,"錦英苑, 錦英路"
003107,頌安邨
001914,"馬鞍山運動場, 恆康街"
001915,"耀安邨耀謙樓, 恆康街"
003851,"錦駿苑, 馬鞍山路"
003078,"富安花園, 恆德街"
002028,"亞公角, 亞公角街"
002029,"沙田醫院, 亞公角街"
003079,"新界鄉議局大樓, 大涌橋路"
003080,"小瀝源路草地滾球場, 小瀝源路"
003081,"小瀝源路遊樂場, 小瀝源路"
003082,"歷奇單車場, 小瀝源路"
002027,富安花園
003371,"恆輝街, 西沙路"
003348,"欣安邨, 恆輝街"
003091,"錦龍苑, 錦英路"
003083,"錦龍苑, 錦英路"
002026,耀安邨
002042,"頌安邨, 西沙路"
002043,"錦鞍苑, 西沙路"
002155,保泰街
002044,"德信中學, 寧泰路"
002045,"錦泰苑, 寧泰路"
002067,"錦泰苑, 寧泰路"
002068,"德信中學, 寧泰路"
002069,"海典灣, 寧泰路"
002070,"聽濤雅苑, 西沙路"
002071,"頌安邨, 西沙路"
002581,"青年廣場, 柴灣道"
003093,"福安花園, 西沙路"
003775,"雅景台, 馬鞍山路"
002790,"小西灣運動場, 小西灣道"
003422,"水泉澳邨月泉樓, 博泉街"
003387,"博康邨博泰樓, 水泉坳街"
003389,"聖羅撒書院, 銀城街"
003392,"小瀝源消防局, 插桅杆街"
002078,"愉翠苑, 牛皮沙街"
002079,"牛皮沙新村, 牛皮沙街"
002080,"香港恒生大學, 廣善街"
002081,"廣源邨廣柏樓, 廣善街"
003390,"小瀝源, 小瀝源路"
003423,"小瀝源, 小瀝源路"
002085,"廣源邨廣榕樓, 廣善街"
002086,"香港恒生大學, 廣善街"
002087,"牛皮沙新村, 牛皮沙街"
002088,"愉翠苑, 牛皮沙街"
003424,"沙田工業中心, 插桅杆街"
003426,"博康邨博泰樓, 水泉坳街"
003595,將軍澳隧道巴士轉乘站
001671,"景林邨景榕樓, 寶順路"
001753,"景林邨, 寶琳北路"
001785,欣景路
001738,"英明苑, 寶琳北路"
001674,"寶林邨寶仁樓, 寶琳北路"
001675,"翠林邨, 寶琳北路"
001676,康盛花園
001677,"康盛花園, 寶琳北路"
001678,"翠林邨, 寶琳北路"
001679,"寶林消防局, 寶琳北路"
001680,"英明苑, 寶琳北路"
001681,"將軍澳賽馬會診所, 寶琳北路"
001682,"浩明苑, 佳景路"
001700,寶琳站
001683,"梁潔華小學, 寶豐路"
001760,"茵怡花園, 寶康路"
001759,"寶康公園, 寶康路"
003589,將軍澳隧道巴士轉乘站
002656,"藍田分科診所, 啟田道"
001491,"啟田商場, 啟田道"
001492,"聖公會基孝中學, 啟田道"
003786,"日出康城晉海, 環澳路"
002928,"日出康城領都, 環保大道"
002929,"日出康城首都, 環保大道"
003329,日出康城
002930,"邵氏影城, 環保大道"
003161,"清水灣半島, 環保大道"
001752,"新寶城, 銀澳路"
001736,"南豐廣場, 培成路"
003565,"富寧花園, 寶寧路"
002910,"明德邨, 寶寧路"
001727,重華路
001754,"煜明苑, 銀澳路"
003160,"蓬萊路, 環保大道"
003225,"邵氏影城, 環保大道"
002919,"峻瀅, 環保大道"
002920,"MEGA Plus 數據中心, 環保大道"
003785,"日出康城晉海, 環澳路"
002903,"茵怡花園, 寶康路"
001684,"怡心園, 寶康路"
001672,"景林邨, 寶琳北路"
001726,"厚德邨, 寶寧路"
001818,"寶盈花園, 寶邑路"
001823,"唐明街公園, 唐明街"
002917,調景嶺站
001821,"健明邨, 景嶺路"
002906,"TKO Spot, 唐明街"
002933,"佛教志蓮小學, 唐俊街"
001826,"將軍澳廣場, 寶邑路"
001737,"厚德邨, 寶寧路"
001673,"欣明苑, 寶琳北路"
003234,"富麗花園, 寶康路"
003471,"怡明邨, 至善街"
003472,"播道書院, 至善街"
003476,"天晉 II, 唐俊街"
003477,"寶盈花園, 唐俊街"
003473,"播道書院, 至善街"
002369,石排灣
002388,"田灣街, 石排灣道"
002891,海麗邨
002576,"碧海藍天, 深旺道"
001762,"凱德苑, 深旺道"
003917,"深水埗公園, 通州街"
003133,"弼街, 上海街"
002716,"花園街街市, 旺角道"
001395,"通菜街, 亞皆老街"
001707,"浪澄灣, 海輝道"
003544,海盈邨
003545,"新渡輪船廠, 興華街西"
003546,"城巴西九龍車廠, 興華街西"
002890,"泓景臺, 深盛路"
003228,"碧海藍天, 興華街西"
002855,"南昌邨, 欽州街西"
002856,"醫局街, 欽州街"
002887,"東京街, 青山道"
002809,"九江街, 青山道"
003143,"石硤尾邨美笙樓, 窩仔街"
003310,"南山邨南安樓, 大坑東道"
003311,"南山邨南泰樓, 大坑東道"
003312,"香島中學, 桃源街"
003313,"香島中學, 桃源街"
003314,"大坑東邨東輝樓, 大坑東道"
003315,"大坑東邨東海樓, 大坑東道"
003191,"石硤尾商場, 南昌街"
002869,"北河街, 元州街"
002815,"福榮街, 欽州街"
002884,"大南街, 欽州街"
002881,"泓景臺, 深盛路"
003144,"石硤尾邨美盛樓, 南昌街"
002829,"聖方濟愛德小學, 南昌街"
003222,"海麗邨, 深旺道"
003307,"福華街, 欽州街"
002870,"營盤街, 元州街"
003137,"長沙灣賽馬會診療所, 廣利道"
002845,"蘇屋邨杜鵑樓, 保安道"
003134,"元州街, 興華街"
003140,"深水埗公園, 荔枝角道"
003135,"古墓公園, 東京街"
003136,"李鄭屋邨禮讓樓, 廣利道"
001039,"禧利街, 干諾道中"
002352,"黃竹坑新圍, 黃竹坑道"
003969,香港仔隧道巴士轉乘站
001305,"啟力工業中心, 常安街"
003968,香港仔隧道巴士轉乘站
002585,興華邨
002586,"興華邨安興樓, 翡翠道"
002587,"興華邨展興樓, 翡翠道"
002588,"峰華邨, 翡翠道"
001151,金鐘 - 樂禮街
001371,"張振興伉儷書院, 東區走廊"
001223,"宏德居, 柴灣道"
003673,"磚窰, 沙頭角公路"
003674,"大塘湖, 沙頭角公路"
003675,"馬尾下, 沙頭角公路"
003676,"孔嶺, 沙頭角公路"
003677,"高埔, 沙頭角公路"
003678,"流水響, 沙頭角公路"
003679,"軍地, 沙頭角公路"
003680,"新圍軍營, 沙頭角公路"
003797,"翠怡花園, 大埔太和路"
003726,"大埔舊墟遊樂場, 大埔太和路"
003853,"大埔超級城, 大埔太和路"
003411,"廣福邨廣智樓, 南運路"
003562,"禾輋邨, 源禾路"
003563,"瀝源邨, 源禾路"
003727,"乙明邨, 大涌橋路"
003728,"曾大屋, 大涌橋路"
003633,大圍站
003729,"曾大屋, 大涌橋路"
003730,"乙明邨, 大涌橋路"
003560,"瀝源邨, 源禾路"
003561,"禾輋邨, 源禾路"
003854,"東昌街康體大樓, 南運路"
003855,"大埔超級城, 大埔太和路"
003574,"林村河畔, 大埔太和路"
003783,清水灣半島
003787,藍田交匯處
003826,茶果嶺道
003788,"偉樂街, 偉業街"
003146,"香港郵政大樓, 啟福道"
001570,"金馬倫道, 彌敦道"
001589,"尖東站, 梳士巴利道"
001542,"海防道, 彌敦道"
001691,"衛理道, 加士居道"
002918,將軍澳站
003335,"將軍澳游泳池, 寶順路"
002911,"將軍澳醫院主座大樓, 寶寧路"
002089,"將軍澳醫院, 坑口道"
002090,"聖雲仙天主堂, 坑口道"
002091,"水邊村, 坑口道"
002092,"影業路, 清水灣道"
002093,"銀影路, 清水灣道"
002094,"大埔仔村, 清水灣道"
003130,"香港科技大學, 大學道"
002095,"大埔仔坳, 清水灣道"
002096,"窩美, 新西貢公路"
002097,"南邊圍, 西貢公路"
002098,"蠔涌, 西貢公路"
002099,"北圍, 西貢公路"
002100,"漁民新村, 西貢公路"
002101,"白沙灣, 西貢公路"
002102,"白沙臺, 西貢公路"
002103,"大涌口, 西貢公路"
002104,"北港, 西貢公路"
002105,"菠蘿輋, 西貢公路"
002106,"翠塘花園, 西貢公路"
002107,"西貢大會堂, 普通道"
002108,"西貢警署, 福民路"
002109,西貢
002135,"西貢大會堂, 普通道"
002136,"翠塘花園, 西貢公路"
002137,"菠蘿輋, 西貢公路"
002138,"北港, 西貢公路"
002139,"大涌口, 西貢公路"
002140,"白沙臺, 西貢公路"
002141,"白沙灣, 西貢公路"
002142,"漁民新村, 西貢公路"
002143,"北圍, 西貢公路"
002144,"匡湖居, 西貢公路"
003276,"南邊圍, 西貢公路"
003131,"響鐘村, 西貢公路"
002145,"窩美, 西貢公路"
002146,"南圍, 西貢公路"
002147,"大埔仔坳, 清水灣道"
002148,"大埔仔村, 清水灣道"
002149,"銀影路, 清水灣道"
002150,"水邊村, 坑口道"
002151,"半見村, 坑口道"
001828,"煜明苑, 昭信路"
002905,"將軍澳游泳池, 寶順路"
001764,"調景嶺站, 景嶺路"
001728,"尚德邨尚智樓, 唐明街"
003159,"將軍澳運動場, 寶康路"
002923,將軍澳工業邨
002924,駿宏街
002925,駿才街
002926,駿盈街
002927,"先進製造業中心, 駿光街"
003751,"消防及救護學院, 百勝角路"
003916,"香港中醫醫院, 百勝角路"
002931,清水灣半島
002915,"將軍澳天主教小學, 唐賢街"
002916,"彩明苑彩貴閣, 彩明街"
002729,"怡安閣, 亞皆老街"
002730,"太平道, 亞皆老街"
002842,"長發街, 青山道"
003232,"永隆街, 青山道"
002872,"寶血醫院, 青山道"
002873,"石硤尾街, 大埔道"
002874,"西洋菜里, 大埔道"
002717,"嘉道理道, 亞皆老街"
002718,"中電鐘樓文化館, 亞皆老街"
001778,"唐明苑, 唐明街"
003915,"香港中醫醫院, 百勝角路"
002921,"數據技術中心, 駿日街"
002922,"先進製造業中心, 駿日街"
003700,"泓景臺, 荔枝角道"
001558,"豉油街, 彌敦道"
003474,"藍塘傲, 唐賢街"
001820,"入境事務處總部, 寶邑路"
003698,"蘇屋邨杜鵑樓, 保安道"
002846,"興華街, 長沙灣道"
001433,"長沙灣廣場, 長沙灣道"
001822,"富康花園, 寶康路"
001763,"彩明苑彩富閣, 景嶺路"
001824,"將軍澳中心, 寶邑路"
003475,"天晉 III, 至善街"
002932,"靈實醫院, 靈康路"
001416,"麼地道, 漆咸道南"
001590,尖沙咀東
001419,"香港科學館, 漆咸道南"
001420,"麼地道, 漆咸道南"
001741,"創紀之城, 觀塘道"
003056,"創紀之城, 觀塘道"
001825,"將軍澳站, 寶邑路"
003330,"鴻福街, 土瓜灣道"
003331,"民裕街, 馬頭圍道"
003301,"星光大道, 梳士巴利道"
003302,"永安廣場, 梳士巴利道"
003050,機利士南路
003051,"家維邨, 馬頭圍道"
003052,"江西街, 馬頭圍道"
003478,"TVB, 駿才街"
003827,啟翔苑
003712,大有街
003713,爵祿街
003294,"火炭村, 火炭路"
003602,"松頭下路, 火炭路"
003603,駿洋邨
003659,"麵房街, 火炭路"
003296,"火炭村, 火炭路"
001755,"寶林邨寶儉樓, 寶豐路"
002908,"欣明苑, 欣景路"
003599,"頌明苑, 寶順路"
003298,"駿昌街, 環保大道"
003639,"帝都酒店, 白鶴汀街"
003641,"美林邨, 大埔公路"
003771,美輝街
003106,"美松苑, 美田路"
003096,"美林邨美槐樓, 美田路"
003097,"美城苑, 美田路"
003098,"大圍街市, 美田路"
003556,"海福花園, 美田路"
003095,美林邨
002850,櫸樹街
002851,旺角道
003334,"寧波街, 彌敦道"
003604,"長順街遊樂場, 長沙灣道"
003600,長沙灣 (甘泉街)
003601,"光昌街, 長沙灣道"
003596,"旺角中心, 西洋菜南街"
002778,"灣景園, 康民街"
002771,"祥達中心, 祥利街"
002772,"柴灣工廠邨, 祥利街"
002775,"峰華邨曉峰樓, 峰霞道"
002773,"峰華邨, 翡翠道"
002774,"柴灣救護站, 翡翠道"
001295,"寶馬臺, 百福道"
001385,"柏立基夫人健康院, 七姊妹道"
001332,"書局街, 七姊妹道"
002580,"富怡道, 小西灣道"
001206,阿公岩村道
001201,"筲箕灣官立小學, 阿公岩道"
001203,"明華大廈 C 座, 阿公岩道"
001202,"明華大廈 G 座, 阿公岩道"
001204,"明華大廈 1 座, 阿公岩道"
001197,"明華大廈 1 座, 阿公岩道"
001198,"明華大廈 F 座, 阿公岩道"
001199,"明華大廈 B 座, 阿公岩道"
001200,"筲箕灣官立小學, 阿公岩道"
001205,阿公岩村道
002777,"富欣花園, 富欣道"
003253,"西消防街, 干諾道西"
003409,"港澳碼頭, 干諾道中"
002562,"海港中心, 港灣道"
003469,東華東院
002783,"歌連臣角, 石澳道"
002784,"蓮鶴仙觀, 石澳道"
002940,"爛泥灣, 石澳道"
002941,"土地灣, 石澳道"
002942,"石礦場, 石澳道"
002955,"鶴咀, 鶴咀道"
002943,"石澳道 4 號, 石澳道"
002944,"石澳道 1 號, 石澳道"
002954,大浪灣
002945,"大浪灣道, 石澳道"
002946,"石澳警署, 石澳道"
002939,石澳
002947,"石澳警署, 石澳道"
002948,"石澳道21號, 石澳道"
002949,"石澳道 1 號, 石澳道"
002950,"石澳道 4 號, 石澳道"
002951,"石礦場, 石澳道"
002952,"土地灣, 石澳道"
002953,"爛泥灣, 石澳道"
002785,"蓮鶴仙觀, 石澳道"
002786,"歌連臣角, 石澳道"
002209,利東邨
002849,西洋菜南街
001629,西區海底隧道巴士轉乘站
002447,"盧押道, 軒尼詩道"
001058,"文華里, 德輔道中"
003336,"中信大廈, 龍匯道"
002425,"香港會議展覽中心, 港灣道"
002858,"洋松街休憩公園, 大角咀道"
002859,"新九龍廣場, 大角咀道"
003450,柏景灣
003412,"廣福球場, 南運路"
003734,"白石角變電站, 創新路"
003735,"天賦海灣, 創新路"
003746,"香港科學園第一期, 創新路"
003747,"科研路, 創新路"
003749,"白石角, 創新路"
003750,"白石角變電站, 創新路"
002174,鴨脷洲大街
002935,"海怡半島美康閣, 海怡路"
001193,"皇后街, 干諾道西"
002862,"柯士甸站, 佐敦道"
002863,渡船街
002865,"大同新邨, 大角咀道"
002866,"福利街, 大角咀道"
002867,"南昌街, 海壇街"
002879,"桂林街, 海壇街"
002857,"深水埗公立醫局, 南昌街"
001174,"金鐘 - 力寶中心, 紅棉路"
003394,"維港灣, 海輝道"
001969,荃灣西站
003277,"楊屋道街市, 楊屋道"
003448,聯仁街
001980,"大窩口邨富安樓, 大窩口道"
001981,"大窩口邨富貴樓, 大窩口道"
002056,"葵涌邨曉葵樓, 上角街"
001983,"葵涌邨秋葵樓, 大窩口道"
001984,"新葵興花園, 大窩口道"
001919,"葵芳邨葵信樓, 興芳路"
001920,"新都會廣場, 興芳路"
001929,"葵涌廣場, 葵富路"
001921,"智芳街, 興芳路"
001918,"林士德體育館, 興芳路"
001974,"葵康苑, 大窩口道"
001975,"葵涌邨夏葵樓, 大窩口道"
001976,"葵涌邨秋葵樓, 大窩口道"
002057,"葵馥苑, 大窩口道"
001977,"葵涌邨茵葵樓, 大窩口道"
001978,"大窩口邨富華樓, 大窩口道"
001979,"大窩口邨富安樓, 大窩口道"
001987,"荃富街, 德士古道"
003341,"祈德尊新邨, 大涌道"
003340,荃灣 (愉景新城)
003278,"橫窩仔街, 楊屋道"
003332,"橫龍街, 楊屋道"
003333,"楊屋道街市, 楊屋道"
003461,葵盛 (東)
003462,"葵聯邨, 葵聯路"
003463,"葵盛西邨, 葵聯路"
003464,"盧光輝紀念學校, 葵盛圍"
003465,"高盛臺, 葵盛圍"
003466,"葵盛邨盛安樓, 葵盛圍"
003467,"葵葉街, 葵盛圍"
003468,"林護紀念中學, 葵盛圍"
003702,"葵涌邨綠葵樓, 上角街"
003703,"葵涌邨芷葵樓, 上角街"
003342,"滿樂大廈, 沙咀道"
003598,如心廣場
003449,聯仁街
003417,馬頭壩道
003418,"龍德街, 德士古道"
003419,"龍德街, 德士古道"
003251,"北角官立小學, 英皇道"
003108,長安邨
003319,長宏邨
003320,"長亨邨商場, 寮肚路"
002005,"長亨邨, 青衣西路"
003109,"楓樹窩體育館, 楓樹窩路"
003110,"青衣邨宜業樓, 楓樹窩路"
003111,"綠悠雅苑, 楓樹窩路"
003112,"翠怡花園, 青衣鄉事會路"
003113,"長青邨青梅樓, 涌美路"
003114,"長康邨康富樓, 涌美路"
003115,"長康邨康豐樓, 涌美路"
003116,"長康邨康祥樓, 涌美路"
003117,"青盛苑, 青康路"
003118,"長青邨, 青康路"
003119,"長青邨青槐樓, 青康路"
003138,"長青商場, 青衣路"
003139,"長青商場, 青衣路"
003120,"美景花園, 青康路"
003121,"長青邨, 青康路"
003122,"青盛苑, 青康路"
003123,"長康邨康順樓, 涌美路"
003124,"職安健學院, 涌美路"
003129,"長康邨康富樓, 涌美路"
003125,"青衣警署, 青衣鄉事會路"
003126,"綠悠雅苑, 楓樹窩路"
003127,"青衣邨宜業樓, 楓樹窩路"
003128,"楓樹窩體育館, 楓樹窩路"
002006,"長亨邨亨翠樓, 青衣西路"
003317,"曉峰園, 寮肚路"
003318,"長亨邨停車場, 寮肚路"
003822,"青富苑, 青衣路"
003609,青衣站
003610,"長安邨安湄樓, 青敬路"
003608,"灝景灣, 青敬路"
003321,"青衣工業中心, 青衣鄉事會路"
001913,置樂花園
002031,"恒豐園, 青山公路"
001885,"三聖邨, 青山公路"
001886,"青山灣泳灘, 青山公路"
001887,"海景花園, 青山公路"
001888,"咖啡灣, 青山公路"
001889,"黃金泳灘, 青山公路"
001890,"香港黃金海岸, 青山公路"
001891,"嘉和里村, 青山公路"
001892,"小秀村, 青山公路"
002048,"愛琴灣, 青山公路"
002049,"小欖新村, 青山公路"
001893,"小欖村, 青山公路"
001894,"澄麗路, 青山公路"
003363,"屯門公路巴士轉乘站, 青山公路"
002603,"大欖涌, 青山公路"
002604,"嘉龍村, 青山公路"
002606,"御海峰, 青山公路"
002608,"豪景花園, 青山公路"
002675,"青龍頭村, 青山公路"
002611,"浪翠園第四期, 青山公路"
002613,"浪翠園第三期, 青山公路"
002614,"馬灣碼頭, 青山公路"
002616,"深井村, 青山公路"
002618,"海韻花園, 青山公路"
002619,"碧堤半島, 青山公路"
002617,"深井村, 青山公路"
002615,"馬灣碼頭, 青山公路"
002695,"浪翠園第三期, 青山公路"
002612,"浪翠園第四期, 青山公路"
002610,"青龍頭村, 青山公路"
002609,"豪景花園, 青山公路"
003480,"豪景花園商場, 青山公路"
003240,"御天峰, 青山公路"
002607,"御海峰, 青山公路"
002605,"嘉龍村, 青山公路"
003364,"屯門公路巴士轉乘站(下層), 青山公路"
002050,"大欖涌, 青山公路"
002058,"小欖, 青山公路"
001895,"澄麗路, 青山公路"
001896,"小欖村, 青山公路"
001897,"小欖新村, 青山公路"
001898,"愛琴灣, 青山公路"
001899,"小秀村, 青山公路"
001900,"龍珠島, 青山公路"
001902,"香港黃金海岸, 青山公路"
001901,"黃金泳灘, 青山公路"
001903,"咖啡灣, 青山公路"
001904,"碧翠花園, 青山公路"
001905,"青山灣泳灘, 青山公路"
001906,"三聖邨, 青山公路"
002598,"屯門兆麟政府綜合大樓, 青山公路"
002599,"青善遊樂場, 青山公路"
002600,"置樂花園, 青山公路"
003484,掃管笏
003543,"NAPA, 掃管笏路"
003485,"星堤, 掃管笏路"
003486,"管翠路, 掃管笏路"
003487,"愛琴海岸, 掃管笏路"
003488,"愛琴海岸, 掃管笏路"
003489,"掃管笏變電站, 掃管笏路"
003490,"星堤, 掃管笏路"
003542,"上源, 掃管笏路"
003793,"緹岸, 管翠路"
002956,鴨脷洲 (利景街)
003898,鴨脷洲邨
001939,龍門居
001935,"富健花園, 龍門路"
001936,"新屯門中心, 龍門路"
001937,"兆山苑, 龍門路"
002008,"蝴蝶邨蝶心樓, 湖翠路"
002009,"湖景邨湖碧樓, 湖翠路"
002011,"湖景邨湖畔樓, 湖景路"
002012,"湖景邨湖翠樓, 湖景路"
002034,"屯門中央廣場, 海榮路"
001922,"老鼠洲兒童遊樂場, 海榮路"
001923,"恒福花園, 海榮路"
002035,"屯門中央廣場, 海榮路"
002013,"湖景邨湖翠樓, 湖景路"
002010,"美樂花園, 湖翠路"
001934,"兆山苑, 龍門路"
001938,"新屯門中心, 龍門路"
002038,悅湖山莊
002039,"邁亞美海灣, 湖翠路"
002040,"屯門碼頭, 湖翠路"
003732,"青山灣消防局, 海皇路"
003501,三聖
002601,"屯門官立中學, 屯興路"
002602,"屯門官立中學, 屯興路"
002041,"恒順園, 青山公路"
003848,"龍逸邨, 皇珠路"
003221,"兆禧苑, 湖翠路"
003819,"邁亞美海灣, 湖翠路"
003852,"業旺邨, 天后路"
002666,天恩邨
002073,"天悅邨, 天華路"
002059,"天晴邨晴彩樓, 天華路"
002076,"天晴邨晴雲樓, 天葵路"
002074,"天富苑能富閣, 天秀路"
002075,"天澤邨, 天瑞路"
002622,"香港濕地公園, 濕地公園路"
002670,"天葵路, 濕地公園路"
003773,"慧景軒, 天葵路"
002667,"香港青年協會李兆基書院, 天葵路"
001989,"嘉湖山莊美湖居, 天葵路"
002030,"嘉湖山莊景湖居, 天城路"
001973,大欖隧道巴士轉乘站
001972,大欖隧道巴士轉乘站
002620,"嘉湖山莊景湖居, 天龍路"
001988,"嘉湖山莊麗湖居, 天葵路"
002650,"慧景軒, 天葵路"
002623,"香港濕地公園, 濕地公園路"
002077,"天逸邨逸潭樓, 天瑞路"
002669,"天逸邨逸洋樓, 天秀路"
003481,"天晴邨晴碧樓, 天秀路"
002062,"天頌苑頌棋閣, 天華路"
002061,"天耀邨耀豐樓, 天城路"
002003,天水圍市中心
002036,"輕鐵銀座站, 天恩路"
001996,"嘉湖山莊翠湖居, 天榮路"
001991,"天瑞邨, 天瑞路"
001992,"天水圍公園, 天瑞路"
001998,"天耀邨耀盛樓, 天湖路"
002001,"天耀邨耀民樓, 天耀路"
002153,"天祐苑, 天福路"
002154,"天水圍站 - 聚星樓, 天福路"
002000,"天盛苑, 天耀路"
001999,"嘉湖山莊賞湖居, 天湖路"
001993,"天水圍公園, 天瑞路"
001994,"天瑞邨, 天瑞路"
001997,"輕鐵翠湖站, 天榮路"
003541,天水圍站 - 屏欣苑
002002,嘉湖山莊 (樂湖居)
001946,"天水圍站 - 天盛苑, 屏廈路"
001995,嘉湖山莊 (翠湖居)
001947,"天水圍站 - 天盛苑, 屏廈路"
003900,"天水圍運動場, 天湖路"
002063,"天頌苑頌恩閣, 天瑞路"
003577,"嘉湖山莊美湖居, 天華路"
002015,"天慈邨, 天城路"
002072,"天富苑欣富閣, 天瑞路"
003479,天瑞邨
002621,"天恩邨, 天瑞路"
002037,"天華邨, 天瑞路"
002758,"西營盤郵政局, 薄扶林道"
002321,"域多利道休憩處, 域多利道"
002322,"上碧瑤灣, 域多利道"
002665,"下碧瑤灣, 域多利道"
002330,"香港大學李嘉誠醫學院, 域多利道"
002324,"沙宣道, 域多利道"
002325,"碧荔道, 域多利道"
002332,"美景臺, 域多利道"
002331,"香港華人基督教聯會薄扶林道墳場, 域多利道"
002395,"大口環道, 域多利道"
002306,"西島中學, 域多利道"
002326,"碧苑, 域多利道"
001424,"銘基書院, 櫻桃街"
001585,"快富街, 新填地街"
003762,"M+, 博物館道"
003763,"香港故宮文化博物館, 博物館道"
003623,新田
003624,"朗廈, 新潭路"
003625,"壆圍, 新潭路"
003626,"模範鄉, 新潭路"
003627,"逢吉鄉, 新潭路"
003628,"沙埔村, 新潭路"
003629,"紅毛橋, 青山公路"
003630,"凹頭, 錦田公路"
003631,"下高埔村, 錦田公路"
003632,"高埔村, 錦田公路"
003614,"高埔村, 錦田公路"
003615,"下高埔村, 錦田公路"
003616,"凹頭, 錦田公路"
003617,"紅毛橋, 青山公路"
003618,"沙埔村, 青山公路"
003619,"逢吉鄉, 青山公路"
003620,"模範鄉, 青山公路"
003621,"壆圍, 青山公路"
003622,"大生圍, 青山公路"
002182,香港仔 (成都道)
003491,碩門邨
002082,"帝堡城, 小瀝源路"
003492,黃泥頭
003493,"多石, 沙田圍路"
003899,"香港文化博物館, 獅子山隧道公路"
003347,"新翠邨新明樓, 車公廟路"
003154,美田邨美致樓
003100,"雲疊花園, 車公廟路"
003101,"顯徑邨顯揚樓, 車公廟路"
003102,"顯徑商場, 車公廟路"
003103,"顯徑邨顯慶樓, 顯徑街"
003104,"顯徑邨顯沛樓, 顯徑街"
003105,"隆亨邨, 田心街"
003551,"隆亨邨, 田心街"
003552,"下徑口村, 顯徑街"
003553,"顯田村, 顯徑街"
003554,"顯田遊樂場, 車公廟路"
003555,"名城, 車公廟路"
003557,"美田邨美全樓, 香粉寮街"
003558,美田邨
003761,沙田圍
003857,"顯耀邨, 田心街"
003638,"沙田大會堂, 担杆莆街"
001853,青嶼幹線巴士轉乘站
002714,機場 (1 號客運大樓)
002715,機場 (2 號客運大樓)
003550,港珠澳大橋旅檢大樓
001837,機場 (地面運輸中心)
003540,港珠澳大橋香港口岸
001854,青嶼幹線巴士轉乘站
002454,"京士頓街, 告士打道"
002713,"銅鑼灣 - 糖街, 怡和街"
001844,"國泰城, 觀景路"
003588,"民航處總部, 東耀路"
001868,"民航處總部, 東輝路"
001845,"國泰城, 駿明路"
001422,紅磡站
003569,"老龍坑街, 溫思勞街"
002727,"房屋委員會總部, 佛光街"
002728,"香港都會大學, 佛光街"
001425,"楓樹街, 長沙灣道"
001428,"北河街, 長沙灣道"
001431,"長沙灣遊樂場, 長沙灣道"
001438,"長沙灣站, 長沙灣道"
001442,"怡閣苑, 長沙灣道"
001802,"欽州街, 長沙灣道"
001446,"黃竹街, 長沙灣道"
001770,"旺角警署, 彌敦道"
002720,"何文田廣場, 佛光街"
003570,"常樂街, 佛光街"
001543,"金巴利道, 彌敦道"
001544,"尖沙咀警署, 彌敦道"
001499,"德福花園, 觀塘道"
001539,"浙江街遊樂場, 馬頭圍道"
001414,"北拱街, 漆咸道北"
001481,"廟街, 佐敦道"
003897,"柯士甸站, 佐敦道"
001484,"志和街, 佐敦道"
001706,"志蓮淨苑, 鳳德道"
001729,"鳳德公園, 鳳德道"
001730,"黃大仙祠, 黃大仙道"
003801,"黃大仙上邨普善樓, 黃大仙道"
001466,"橫頭磡邨宏富樓, 富美街"
001458,"石硤尾公園, 歌和老街"
001459,"則仁中心, 歌和老街"
003804,"石硤尾消防局, 南昌街"
003805,"白田邨瑞田樓, 南昌街"
001432,"興華街, 長沙灣道"
001445,"深水埗站, 長沙灣道"
003806,"福華街, 南昌街"
003807,"石硤尾消防局, 南昌街"
001460,"則仁中心, 歌和老街"
001461,"石硤尾公園, 歌和老街"
001485,"金城道, 聯合道"
001467,"嘉強苑, 富美街"
001468,"橫頭磡邨宏照樓, 富美街"
003803,"黃大仙祠, 黃大仙道"
001816,"美德樓, 鳳德道"
001758,"慈愛苑愛富閣, 慈雲山道"
003578,"環安街, 庇利街"
003579,"紅磡邨, 紅磡道"
003879,"K11人文購物藝術館, 梳士巴利道"
003796,"紅磡站, 暢運道"
003874,"啟德體育園, 宋皇臺道"
001792,油塘
001793,"高怡邨, 高超道"
001794,"高俊苑, 高超道"
001795,"康栢苑金栢閣, 碧雲道"
001713,"康栢苑龍栢閣, 碧雲道"
001714,"康雅苑, 碧雲道"
001717,"德田邨德康樓, 碧雲道"
001715,"德田邨德敬樓, 碧雲道"
001716,"興田邨, 連德道"
001787,"順利邨利業樓, 利安道"
001788,"順利消防局, 利安道"
003571,"彩頤居, 彩霞道"
003572,"彩盈邨盈安樓, 彩霞道"
002672,"亞洲國際博覽館, 航展道"
003482,"航天城交匯處, 航天城東路"
003823,"順利消防局, 利安道"
003824,"順利邨利恒樓, 利安道"
001743,"順利邨利康樓, 順清街"
001783,"興田邨, 連德道"
001748,"德田邨德敬樓, 碧雲道"
001815,"德田邨德樂樓, 碧雲道"
001798,"德田邨德隆樓, 碧雲道"
001749,"廣田邨廣靖樓, 碧雲道"
001750,"廣田商場, 碧雲道"
001789,"高俊苑, 高超道"
001790,"高怡邨, 高超道"
001791,"油塘中心, 欣榮街"
003825,"寶翠公園, 寶康路"
002699,"康盛花園, 寶琳北路"
002700,"馬游塘村, 寶琳路"
002701,"寶達邨, 寶琳路"
003494,"安達邨仁達樓, 安秀道"
003495,"安達邨愛達樓, 安秀道"
003496,"安泰邨錦泰樓, 安秀道"
001779,"彩雲邨白虹樓, 新清水灣道"
001653,"牛池灣街市, 清水灣道"
001780,"基順學校, 新清水灣道"
003498,"安泰邨, 安秀道"
003499,"安達邨愛達樓, 安秀道"
003500,"安達邨, 安秀道"
002705,"馬游塘村, 寶琳路"
001761,"天馬苑, 龍翔道"
003194,屯門碼頭
003195,"輕鐵龍門站, 龍門路"
003196,"豐景園, 海珠路"
003197,"翠寧花園, 海珠路"
003198,"屯門市中心, 屯門鄉事會路"
003208,深圳灣口岸
003219,"屯門市中心, 屯門鄉事會路"
003220,"翠寧花園, 海珠路"
003201,"山景邨景麗樓, 石排頭路"
003202,"大興變電站, 石排頭路"
003203,"台山商會小學, 石排頭路"
003204,"大興體育館, 震寰路"
003256,"保良局莊啟程第二小學, 青田路"
003261,"富泰邨, 青山公路"
003262,"富泰商場, 青山公路"
003265,"良景邨, 田景路"
003267,"建生邨樂生樓, 青田路"
003213,"大興體育館, 震寰路"
003214,"翠林花園, 石排頭路"
003413,"新墟街市, 屯門公路"
002658,迪士尼樂園
003502,欣澳站
003720,上水 (寶運路)
003721,"鳳南路花園, 馬會道"
003722,"北區運動場, 馬會道"
003818,"天平邨天明樓, 馬會道"
003724,"粉嶺站 - A2 出口, 粉嶺車站路"
003725,"塘坑, 馬會道"
003810,粉嶺公路巴士轉乘站
003714,香園圍口岸
003715,"塘坑, 馬會道"
003817,"順欣花園, 馬會道"
003798,"符興街, 馬會道"
003811,"鳳溪第一中學, 馬會道"
003731,"沙田第一城, 大涌橋路"
001856,"東涌消防局, 順東路"
001855,"東堤灣畔, 順東路"
001864,赤鱲角南路
001839,"機場空運中心, 駿運路"
001863,"香港空運貨站, 駿運路"
001830,"空郵中心, 航膳西路"
002657,"國泰城 (東), 東岸路"
001832,"二號檢查閘, 暢連路"
001833,"一號停車場, 暢達路"
001834,"一號客運大樓(北), 暢達路"
001836,"富豪機場酒店,  暢達路"
003816,航天城
001831,"機場警署, 航膳西路"
001872,"駿運南路, 駿運路"
001838,"機場空運中心, 駿運路"
001842,"亞洲空運中心, 駿坪路"
001862,赤鱲角南路
001858,"東涌纜車站, 達東路"
001859,"富東廣場, 達東路"
001857,"裕東苑, 順東路"
003814,"裕雅苑, 怡東路"
003815,"裕雅商場, 怡東路"
001876,"海堤灣畔, 惠東路"
001878,"藍天海岸, 文東路"
001880,"映灣園二期, 文東路"
001882,"映灣園一期, 文東路"
003452,"昇薈, 迎東路"
003453,"迎東邨, 迎東路"
003443,"東環, 迎禧路"
001869,"東堤灣畔, 順東路"
001874,"逸東邨美逸樓, 松仁路"
003566,滿東邨
003567,"逸東邨福逸樓, 裕東路"
003568,"逸東邨雍逸樓, 裕東路"
002589,"逸東邨居逸樓, 逸東街"
001873,"北大嶼山醫院, 松仁路"
003943,翔東邨
003944,"裕豐苑, 匯東街"
001603,維港灣
001427,"黃竹街, 長沙灣道"
003303,"欽州街, 長沙灣道"
002007,"青華苑, 青衣西路"
002004,"青華苑, 青衣西路"
002724,"愛民邨嘉民樓, 孝民街"
001870,逸東邨
001875,東涌發展碼頭
001852,"DHL 中亞區樞紐中心, 南環路"
001849,"政府飛行服務隊, 南環路"
001850,飛機維修區
001851,"政府飛行服務隊, 南環路"
001848,"DHL 中亞區樞紐中心, 南環路"
002898,"亞皆老街, 上海街"
002888,"朗豪坊, 上海街"
002899,"長沙街, 上海街"
002900,"碧街, 上海街"
002901,"永星里, 上海街"
002902,"西貢街, 上海街"
003800,藍田 (平田街)
001598,藍田 (北)
001599,"啟田邨啟旺樓, 德田街"
001605,"容鳳書紀念中心, 偉發道"
001406,"麗港城商場, 茶果嶺道"
001866,"赤鱲角消防局, 航膳東路"
001867,"國泰餐飲, 航膳東路"
001489,"聖公會基孝中學, 啟田道"
001490,"康田苑, 啟田道"
001640,"啟田邨啟仁樓, 啟田道"
001641,"啟田邨啟旺樓, 德田街"
003813,"藍田綜合大樓, 德田街"
001819,"將軍澳站, 寶邑路"
001751,"廣明苑, 寶康路"
001718,"上秀茂坪, 曉光街"
001723,"順利邨利恒樓, 利安道"
003285,"上秀茂坪, 曉光街"
003470,"海濱道公園, 海濱道"
003454,"昇薈, 迎東路"
003282,慈雲山 (南)
003283,"慈樂邨樂滿樓, 毓華街"
001796,"黃大仙警署, 彩虹道"
003054,"觀音街, 蕪湖街"
003352,"山西街, 漆咸道北"
003279,"富祐大廈, 蒲崗村道"
003280,"蒲慈里, 蒲崗村道"
003281,"蒲蘅里, 蒲崗村道"
003789,"灣仔海濱長廊, 鴻興道"
003559,"香港文化中心, 梳士巴利道"
003445,半島酒店
003772,"西九文化區, 博物館道"
003809,"中環海濱活動空間, 龍和道"
003887,"尖沙咀 (東), 麼地道"
003300,"金紫荊廣場, 博覽道東"
003883,堅彌地城新海旁
001566,"眾坊街, 彌敦道"
003031,"淘大花園, 牛頭角道"
002839,"大南西街, 青山道"
002840,"福華街, 青山道"
002841,"昌華街, 青山道"
002843,"東京街, 青山道"
002382,華富 (二) 邨商場
002401,"華林徑, 華富道"
003429,"厚德里, 黃泥涌道"
002083,廣源邨
002084,"帝堡城, 小瀝源路"
003597,"先達廣場, 亞皆老街"
001545,"佐敦站, 彌敦道"
001563,"碧街, 彌敦道"
001846,"飛機燃料庫, 觀景路"
001860,東涌站
001731,"竹園南邨趣園樓, 雅竹街"
001732,"竹園街市, 竹園道"
001733,"天宏苑, 竹園道"
001735,"竹園南邨趣園樓, 雅竹街"
001493,"觀塘站, 觀塘道"
002711,"荷里活廣場, 上元街"
003657,"屯仁街, 屯門公路"
003658,"華都花園, 屯發路"
003430,"屯門市廣場, 屯喜路"
003090,錦英苑
003073,"曉光街, 秀茂坪道"
002703,"寶達邨, 寶琳路"
002704,"安達臣道, 寶琳路"
002706,"茅湖仔村, 寶琳路"
001827,"煜明苑, 昭信路"
003446,"茅湖仔村, 寶琳路"
003048,"秀茂坪邨秀暉樓, 秀茂坪道"
002466,"崇德街, 摩理臣山道"
001252,鰂魚涌 (海澤街)
002913,"調景嶺站, 景嶺路"
003147,"曲街, 漆咸道北"
003004,"香港理工大學, 漆咸道南"
003148,"半島酒店, 彌敦道"
002577,"城巴創富道車廠, 常達街"
002788,"杏花邨遊樂場, 創富道"
003416,"福來邨, 大涌道"
003643,"朗天苑朗松閣, 青山公路 - 屏山段"
003644,"屏山, 青山公路"
003645,"新起村, 青山公路"
003646,"灰沙圍, 青山公路"
003647,"大道村, 青山公路"
003648,"尚城, 青山公路"
003649,"輕鐵洪水橋站, 青山公路"
003650,"輕鐵鍾屋村站, 青山公路"
003651,"亦園村, 青山公路"
003652,"泥圍, 青山公路"
003653,"福亨村, 青山公路"
003654,"妙法寺, 青山公路"
003655,"輕鐵藍地站, 青山公路"
003432,"輕鐵藍地站, 青山公路"
003433,"青磚圍, 青山公路"
003434,"輕鐵泥圍站, 青山公路"
003435,"亦園村, 青山公路"
003436,"輕鐵鍾屋村站, 青山公路"
003437,"輕鐵洪水橋站, 青山公路"
003438,"大道村, 青山公路"
003439,"灰沙圍, 青山公路"
003440,"輕鐵塘坊村站, 青山公路"
003441,"屏山, 青山公路"
002662,"聖安當女書院, 鯉魚門道"
002663,"油塘邨, 鯉魚門道"
002664,迪欣湖活動中心
003395,"一號客運大樓(南), 暢達路"
003304,"香港天際萬豪酒店, 航天城東路"
001847,"飛機燃料庫, 觀景路"
003444,消防及救護學院
003733,"御海灣, 海皇路"
